School or area,Academic year,Subject,Measure,Value,Unit,Cohort definition,Status,Source URL,Source location,Checked on
Kew Riverside Primary School,2024/25,"Reading, writing and maths",Expected standard,73,percent,All pupils; whole school cohort,Final,https://explore-education-statistics.service.gov.uk/data-catalogue/data-set/f6cb50e9-0eca-4b1e-ac1a-6f6bb9d21a07,"All pupils / Total; Reading, writing and maths",2026-09-22
Kew Riverside Primary School,2024/25,"Reading, writing and maths",Higher standard,13,percent,All pupils; whole school cohort,Final,https://explore-education-statistics.service.gov.uk/data-catalogue/data-set/f6cb50e9-0eca-4b1e-ac1a-6f6bb9d21a07,"All pupils / Total; Reading, writing and maths",2026-09-22
Kew Riverside Primary School,2024/25,Reading,Expected standard,80,percent,All pupils; whole school cohort,Final,https://explore-education-statistics.service.gov.uk/data-catalogue/data-set/f6cb50e9-0eca-4b1e-ac1a-6f6bb9d21a07,All pupils / Total; Reading,2026-09-22
Kew Riverside Primary School,2024/25,Reading,Higher standard,47,percent,All pupils; whole school cohort,Final,https://explore-education-statistics.service.gov.uk/data-catalogue/data-set/f6cb50e9-0eca-4b1e-ac1a-6f6bb9d21a07,All pupils / Total; Reading,2026-09-22
Kew Riverside Primary School,2024/25,Writing,Expected standard,80,percent,All pupils; whole school cohort,Final,https://explore-education-statistics.service.gov.uk/data-catalogue/data-set/f6cb50e9-0eca-4b1e-ac1a-6f6bb9d21a07,All pupils / Total; Writing,2026-09-22
Kew Riverside Primary School,2024/25,Writing,Higher standard,20,percent,All pupils; whole school cohort,Final,https://explore-education-statistics.service.gov.uk/data-catalogue/data-set/f6cb50e9-0eca-4b1e-ac1a-6f6bb9d21a07,All pupils / Total; Writing,2026-09-22
Kew Riverside Primary School,2024/25,Maths,Expected standard,73,percent,All pupils; whole school cohort,Final,https://explore-education-statistics.service.gov.uk/data-catalogue/data-set/f6cb50e9-0eca-4b1e-ac1a-6f6bb9d21a07,All pupils / Total; Maths,2026-09-22
Kew Riverside Primary School,2024/25,Maths,Higher standard,33,percent,All pupils; whole school cohort,Final,https://explore-education-statistics.service.gov.uk/data-catalogue/data-set/f6cb50e9-0eca-4b1e-ac1a-6f6bb9d21a07,All pupils / Total; Maths,2026-09-22
Kew Riverside Primary School,2023/24,"Reading, writing and maths",Expected standard,67,percent,All pupils; whole school cohort,Final,https://explore-education-statistics.service.gov.uk/data-catalogue/data-set/f6cb50e9-0eca-4b1e-ac1a-6f6bb9d21a07,"All pupils / Total; Reading, writing and maths",2026-09-22
Kew Riverside Primary School,2023/24,"Reading, writing and maths",Higher standard,7,percent,All pupils; whole school cohort,Final,https://explore-education-statistics.service.gov.uk/data-catalogue/data-set/f6cb50e9-0eca-4b1e-ac1a-6f6bb9d21a07,"All pupils / Total; Reading, writing and maths",2026-09-22
Kew Riverside Primary School,2023/24,Reading,Expected standard,Not available,percent,All pupils; whole school cohort,Final,https://explore-education-statistics.service.gov.uk/data-catalogue/data-set/f6cb50e9-0eca-4b1e-ac1a-6f6bb9d21a07,All pupils / Total; Reading,2026-09-22
Kew Riverside Primary School,2023/24,Reading,Higher standard,Not available,percent,All pupils; whole school cohort,Final,https://explore-education-statistics.service.gov.uk/data-catalogue/data-set/f6cb50e9-0eca-4b1e-ac1a-6f6bb9d21a07,All pupils / Total; Reading,2026-09-22
Kew Riverside Primary School,2023/24,Writing,Expected standard,Not available,percent,All pupils; whole school cohort,Final,https://explore-education-statistics.service.gov.uk/data-catalogue/data-set/f6cb50e9-0eca-4b1e-ac1a-6f6bb9d21a07,All pupils / Total; Writing,2026-09-22
Kew Riverside Primary School,2023/24,Writing,Higher standard,Not available,percent,All pupils; whole school cohort,Final,https://explore-education-statistics.service.gov.uk/data-catalogue/data-set/f6cb50e9-0eca-4b1e-ac1a-6f6bb9d21a07,All pupils / Total; Writing,2026-09-22
Kew Riverside Primary School,2023/24,Maths,Expected standard,Not available,percent,All pupils; whole school cohort,Final,https://explore-education-statistics.service.gov.uk/data-catalogue/data-set/f6cb50e9-0eca-4b1e-ac1a-6f6bb9d21a07,All pupils / Total; Maths,2026-09-22
Kew Riverside Primary School,2023/24,Maths,Higher standard,Not available,percent,All pupils; whole school cohort,Final,https://explore-education-statistics.service.gov.uk/data-catalogue/data-set/f6cb50e9-0eca-4b1e-ac1a-6f6bb9d21a07,All pupils / Total; Maths,2026-09-22
Kew Riverside Primary School,2022/23,"Reading, writing and maths",Expected standard,75,percent,All pupils; whole school cohort,Final,https://explore-education-statistics.service.gov.uk/data-catalogue/data-set/f6cb50e9-0eca-4b1e-ac1a-6f6bb9d21a07,"All pupils / Total; Reading, writing and maths",2026-09-22
Kew Riverside Primary School,2022/23,"Reading, writing and maths",Higher standard,17,percent,All pupils; whole school cohort,Final,https://explore-education-statistics.service.gov.uk/data-catalogue/data-set/f6cb50e9-0eca-4b1e-ac1a-6f6bb9d21a07,"All pupils / Total; Reading, writing and maths",2026-09-22
Kew Riverside Primary School,2022/23,Reading,Expected standard,Not available,percent,All pupils; whole school cohort,Final,https://explore-education-statistics.service.gov.uk/data-catalogue/data-set/f6cb50e9-0eca-4b1e-ac1a-6f6bb9d21a07,All pupils / Total; Reading,2026-09-22
Kew Riverside Primary School,2022/23,Reading,Higher standard,Not available,percent,All pupils; whole school cohort,Final,https://explore-education-statistics.service.gov.uk/data-catalogue/data-set/f6cb50e9-0eca-4b1e-ac1a-6f6bb9d21a07,All pupils / Total; Reading,2026-09-22
Kew Riverside Primary School,2022/23,Writing,Expected standard,Not available,percent,All pupils; whole school cohort,Final,https://explore-education-statistics.service.gov.uk/data-catalogue/data-set/f6cb50e9-0eca-4b1e-ac1a-6f6bb9d21a07,All pupils / Total; Writing,2026-09-22
Kew Riverside Primary School,2022/23,Writing,Higher standard,Not available,percent,All pupils; whole school cohort,Final,https://explore-education-statistics.service.gov.uk/data-catalogue/data-set/f6cb50e9-0eca-4b1e-ac1a-6f6bb9d21a07,All pupils / Total; Writing,2026-09-22
Kew Riverside Primary School,2022/23,Maths,Expected standard,Not available,percent,All pupils; whole school cohort,Final,https://explore-education-statistics.service.gov.uk/data-catalogue/data-set/f6cb50e9-0eca-4b1e-ac1a-6f6bb9d21a07,All pupils / Total; Maths,2026-09-22
Kew Riverside Primary School,2022/23,Maths,Higher standard,Not available,percent,All pupils; whole school cohort,Final,https://explore-education-statistics.service.gov.uk/data-catalogue/data-set/f6cb50e9-0eca-4b1e-ac1a-6f6bb9d21a07,All pupils / Total; Maths,2026-09-22
Darell,2024/25,"Reading, writing and maths",Expected standard,39,percent,All pupils; whole school cohort,Final,https://explore-education-statistics.service.gov.uk/data-catalogue/data-set/f6cb50e9-0eca-4b1e-ac1a-6f6bb9d21a07,"All pupils / Total; Reading, writing and maths",2026-09-22
Darell,2024/25,"Reading, writing and maths",Higher standard,9,percent,All pupils; whole school cohort,Final,https://explore-education-statistics.service.gov.uk/data-catalogue/data-set/f6cb50e9-0eca-4b1e-ac1a-6f6bb9d21a07,"All pupils / Total; Reading, writing and maths",2026-09-22
Darell,2024/25,Reading,Expected standard,57,percent,All pupils; whole school cohort,Final,https://explore-education-statistics.service.gov.uk/data-catalogue/data-set/f6cb50e9-0eca-4b1e-ac1a-6f6bb9d21a07,All pupils / Total; Reading,2026-09-22
Darell,2024/25,Reading,Higher standard,26,percent,All pupils; whole school cohort,Final,https://explore-education-statistics.service.gov.uk/data-catalogue/data-set/f6cb50e9-0eca-4b1e-ac1a-6f6bb9d21a07,All pupils / Total; Reading,2026-09-22
Darell,2024/25,Writing,Expected standard,57,percent,All pupils; whole school cohort,Final,https://explore-education-statistics.service.gov.uk/data-catalogue/data-set/f6cb50e9-0eca-4b1e-ac1a-6f6bb9d21a07,All pupils / Total; Writing,2026-09-22
Darell,2024/25,Writing,Higher standard,22,percent,All pupils; whole school cohort,Final,https://explore-education-statistics.service.gov.uk/data-catalogue/data-set/f6cb50e9-0eca-4b1e-ac1a-6f6bb9d21a07,All pupils / Total; Writing,2026-09-22
Darell,2024/25,Maths,Expected standard,43,percent,All pupils; whole school cohort,Final,https://explore-education-statistics.service.gov.uk/data-catalogue/data-set/f6cb50e9-0eca-4b1e-ac1a-6f6bb9d21a07,All pupils / Total; Maths,2026-09-22
Darell,2024/25,Maths,Higher standard,9,percent,All pupils; whole school cohort,Final,https://explore-education-statistics.service.gov.uk/data-catalogue/data-set/f6cb50e9-0eca-4b1e-ac1a-6f6bb9d21a07,All pupils / Total; Maths,2026-09-22
Darell,2023/24,"Reading, writing and maths",Expected standard,53,percent,All pupils; whole school cohort,Final,https://explore-education-statistics.service.gov.uk/data-catalogue/data-set/f6cb50e9-0eca-4b1e-ac1a-6f6bb9d21a07,"All pupils / Total; Reading, writing and maths",2026-09-22
Darell,2023/24,"Reading, writing and maths",Higher standard,19,percent,All pupils; whole school cohort,Final,https://explore-education-statistics.service.gov.uk/data-catalogue/data-set/f6cb50e9-0eca-4b1e-ac1a-6f6bb9d21a07,"All pupils / Total; Reading, writing and maths",2026-09-22
Darell,2023/24,Reading,Expected standard,Not available,percent,All pupils; whole school cohort,Final,https://explore-education-statistics.service.gov.uk/data-catalogue/data-set/f6cb50e9-0eca-4b1e-ac1a-6f6bb9d21a07,All pupils / Total; Reading,2026-09-22
Darell,2023/24,Reading,Higher standard,Not available,percent,All pupils; whole school cohort,Final,https://explore-education-statistics.service.gov.uk/data-catalogue/data-set/f6cb50e9-0eca-4b1e-ac1a-6f6bb9d21a07,All pupils / Total; Reading,2026-09-22
Darell,2023/24,Writing,Expected standard,Not available,percent,All pupils; whole school cohort,Final,https://explore-education-statistics.service.gov.uk/data-catalogue/data-set/f6cb50e9-0eca-4b1e-ac1a-6f6bb9d21a07,All pupils / Total; Writing,2026-09-22
Darell,2023/24,Writing,Higher standard,Not available,percent,All pupils; whole school cohort,Final,https://explore-education-statistics.service.gov.uk/data-catalogue/data-set/f6cb50e9-0eca-4b1e-ac1a-6f6bb9d21a07,All pupils / Total; Writing,2026-09-22
Darell,2023/24,Maths,Expected standard,Not available,percent,All pupils; whole school cohort,Final,https://explore-education-statistics.service.gov.uk/data-catalogue/data-set/f6cb50e9-0eca-4b1e-ac1a-6f6bb9d21a07,All pupils / Total; Maths,2026-09-22
Darell,2023/24,Maths,Higher standard,Not available,percent,All pupils; whole school cohort,Final,https://explore-education-statistics.service.gov.uk/data-catalogue/data-set/f6cb50e9-0eca-4b1e-ac1a-6f6bb9d21a07,All pupils / Total; Maths,2026-09-22
Darell,2022/23,"Reading, writing and maths",Expected standard,52,percent,All pupils; whole school cohort,Final,https://explore-education-statistics.service.gov.uk/data-catalogue/data-set/f6cb50e9-0eca-4b1e-ac1a-6f6bb9d21a07,"All pupils / Total; Reading, writing and maths",2026-09-22
Darell,2022/23,"Reading, writing and maths",Higher standard,22,percent,All pupils; whole school cohort,Final,https://explore-education-statistics.service.gov.uk/data-catalogue/data-set/f6cb50e9-0eca-4b1e-ac1a-6f6bb9d21a07,"All pupils / Total; Reading, writing and maths",2026-09-22
Darell,2022/23,Reading,Expected standard,Not available,percent,All pupils; whole school cohort,Final,https://explore-education-statistics.service.gov.uk/data-catalogue/data-set/f6cb50e9-0eca-4b1e-ac1a-6f6bb9d21a07,All pupils / Total; Reading,2026-09-22
Darell,2022/23,Reading,Higher standard,Not available,percent,All pupils; whole school cohort,Final,https://explore-education-statistics.service.gov.uk/data-catalogue/data-set/f6cb50e9-0eca-4b1e-ac1a-6f6bb9d21a07,All pupils / Total; Reading,2026-09-22
Darell,2022/23,Writing,Expected standard,Not available,percent,All pupils; whole school cohort,Final,https://explore-education-statistics.service.gov.uk/data-catalogue/data-set/f6cb50e9-0eca-4b1e-ac1a-6f6bb9d21a07,All pupils / Total; Writing,2026-09-22
Darell,2022/23,Writing,Higher standard,Not available,percent,All pupils; whole school cohort,Final,https://explore-education-statistics.service.gov.uk/data-catalogue/data-set/f6cb50e9-0eca-4b1e-ac1a-6f6bb9d21a07,All pupils / Total; Writing,2026-09-22
Darell,2022/23,Maths,Expected standard,Not available,percent,All pupils; whole school cohort,Final,https://explore-education-statistics.service.gov.uk/data-catalogue/data-set/f6cb50e9-0eca-4b1e-ac1a-6f6bb9d21a07,All pupils / Total; Maths,2026-09-22
Darell,2022/23,Maths,Higher standard,Not available,percent,All pupils; whole school cohort,Final,https://explore-education-statistics.service.gov.uk/data-catalogue/data-set/f6cb50e9-0eca-4b1e-ac1a-6f6bb9d21a07,All pupils / Total; Maths,2026-09-22
Richmond upon Thames,2022/23,"Reading, writing and maths",Expected standard,74,percent,All pupils; state-funded schools,Final,https://explore-education-statistics.service.gov.uk/data-catalogue/data-set/6b64a185-a49d-443e-9338-8f8bf7b67c90,"All pupils / Total; Reading, writing and maths",2026-09-22
Richmond upon Thames,2022/23,"Reading, writing and maths",Higher standard,18,percent,All pupils; state-funded schools,Final,https://explore-education-statistics.service.gov.uk/data-catalogue/data-set/6b64a185-a49d-443e-9338-8f8bf7b67c90,"All pupils / Total; Reading, writing and maths",2026-09-22
Richmond upon Thames,2022/23,Reading,Expected standard,Not available,percent,All pupils; state-funded schools,Final,https://explore-education-statistics.service.gov.uk/data-catalogue/data-set/6b64a185-a49d-443e-9338-8f8bf7b67c90,All pupils / Total; Reading,2026-09-22
Richmond upon Thames,2022/23,Reading,Higher standard,Not available,percent,All pupils; state-funded schools,Final,https://explore-education-statistics.service.gov.uk/data-catalogue/data-set/6b64a185-a49d-443e-9338-8f8bf7b67c90,All pupils / Total; Reading,2026-09-22
Richmond upon Thames,2022/23,Writing,Expected standard,Not available,percent,All pupils; state-funded schools,Final,https://explore-education-statistics.service.gov.uk/data-catalogue/data-set/6b64a185-a49d-443e-9338-8f8bf7b67c90,All pupils / Total; Writing,2026-09-22
Richmond upon Thames,2022/23,Writing,Higher standard,Not available,percent,All pupils; state-funded schools,Final,https://explore-education-statistics.service.gov.uk/data-catalogue/data-set/6b64a185-a49d-443e-9338-8f8bf7b67c90,All pupils / Total; Writing,2026-09-22
Richmond upon Thames,2022/23,Maths,Expected standard,Not available,percent,All pupils; state-funded schools,Final,https://explore-education-statistics.service.gov.uk/data-catalogue/data-set/6b64a185-a49d-443e-9338-8f8bf7b67c90,All pupils / Total; Maths,2026-09-22
Richmond upon Thames,2022/23,Maths,Higher standard,Not available,percent,All pupils; state-funded schools,Final,https://explore-education-statistics.service.gov.uk/data-catalogue/data-set/6b64a185-a49d-443e-9338-8f8bf7b67c90,All pupils / Total; Maths,2026-09-22
England,2022/23,"Reading, writing and maths",Expected standard,60,percent,All pupils; state-funded schools,Final,https://explore-education-statistics.service.gov.uk/data-catalogue/data-set/6b64a185-a49d-443e-9338-8f8bf7b67c90,"All pupils / Total; Reading, writing and maths",2026-09-22
England,2022/23,"Reading, writing and maths",Higher standard,8,percent,All pupils; state-funded schools,Final,https://explore-education-statistics.service.gov.uk/data-catalogue/data-set/6b64a185-a49d-443e-9338-8f8bf7b67c90,"All pupils / Total; Reading, writing and maths",2026-09-22
England,2022/23,Reading,Expected standard,Not available,percent,All pupils; state-funded schools,Final,https://explore-education-statistics.service.gov.uk/data-catalogue/data-set/6b64a185-a49d-443e-9338-8f8bf7b67c90,All pupils / Total; Reading,2026-09-22
England,2022/23,Reading,Higher standard,Not available,percent,All pupils; state-funded schools,Final,https://explore-education-statistics.service.gov.uk/data-catalogue/data-set/6b64a185-a49d-443e-9338-8f8bf7b67c90,All pupils / Total; Reading,2026-09-22
England,2022/23,Writing,Expected standard,Not available,percent,All pupils; state-funded schools,Final,https://explore-education-statistics.service.gov.uk/data-catalogue/data-set/6b64a185-a49d-443e-9338-8f8bf7b67c90,All pupils / Total; Writing,2026-09-22
England,2022/23,Writing,Higher standard,Not available,percent,All pupils; state-funded schools,Final,https://explore-education-statistics.service.gov.uk/data-catalogue/data-set/6b64a185-a49d-443e-9338-8f8bf7b67c90,All pupils / Total; Writing,2026-09-22
England,2022/23,Maths,Expected standard,Not available,percent,All pupils; state-funded schools,Final,https://explore-education-statistics.service.gov.uk/data-catalogue/data-set/6b64a185-a49d-443e-9338-8f8bf7b67c90,All pupils / Total; Maths,2026-09-22
England,2022/23,Maths,Higher standard,Not available,percent,All pupils; state-funded schools,Final,https://explore-education-statistics.service.gov.uk/data-catalogue/data-set/6b64a185-a49d-443e-9338-8f8bf7b67c90,All pupils / Total; Maths,2026-09-22
Richmond upon Thames,2023/24,"Reading, writing and maths",Expected standard,76,percent,All pupils; state-funded schools,Final,https://explore-education-statistics.service.gov.uk/data-catalogue/data-set/6b64a185-a49d-443e-9338-8f8bf7b67c90,"All pupils / Total; Reading, writing and maths",2026-09-22
Richmond upon Thames,2023/24,"Reading, writing and maths",Higher standard,17,percent,All pupils; state-funded schools,Final,https://explore-education-statistics.service.gov.uk/data-catalogue/data-set/6b64a185-a49d-443e-9338-8f8bf7b67c90,"All pupils / Total; Reading, writing and maths",2026-09-22
Richmond upon Thames,2023/24,Reading,Expected standard,Not available,percent,All pupils; state-funded schools,Final,https://explore-education-statistics.service.gov.uk/data-catalogue/data-set/6b64a185-a49d-443e-9338-8f8bf7b67c90,All pupils / Total; Reading,2026-09-22
Richmond upon Thames,2023/24,Reading,Higher standard,Not available,percent,All pupils; state-funded schools,Final,https://explore-education-statistics.service.gov.uk/data-catalogue/data-set/6b64a185-a49d-443e-9338-8f8bf7b67c90,All pupils / Total; Reading,2026-09-22
Richmond upon Thames,2023/24,Writing,Expected standard,Not available,percent,All pupils; state-funded schools,Final,https://explore-education-statistics.service.gov.uk/data-catalogue/data-set/6b64a185-a49d-443e-9338-8f8bf7b67c90,All pupils / Total; Writing,2026-09-22
Richmond upon Thames,2023/24,Writing,Higher standard,Not available,percent,All pupils; state-funded schools,Final,https://explore-education-statistics.service.gov.uk/data-catalogue/data-set/6b64a185-a49d-443e-9338-8f8bf7b67c90,All pupils / Total; Writing,2026-09-22
Richmond upon Thames,2023/24,Maths,Expected standard,Not available,percent,All pupils; state-funded schools,Final,https://explore-education-statistics.service.gov.uk/data-catalogue/data-set/6b64a185-a49d-443e-9338-8f8bf7b67c90,All pupils / Total; Maths,2026-09-22
Richmond upon Thames,2023/24,Maths,Higher standard,Not available,percent,All pupils; state-funded schools,Final,https://explore-education-statistics.service.gov.uk/data-catalogue/data-set/6b64a185-a49d-443e-9338-8f8bf7b67c90,All pupils / Total; Maths,2026-09-22
England,2023/24,"Reading, writing and maths",Expected standard,61,percent,All pupils; state-funded schools,Final,https://explore-education-statistics.service.gov.uk/data-catalogue/data-set/6b64a185-a49d-443e-9338-8f8bf7b67c90,"All pupils / Total; Reading, writing and maths",2026-09-22
England,2023/24,"Reading, writing and maths",Higher standard,8,percent,All pupils; state-funded schools,Final,https://explore-education-statistics.service.gov.uk/data-catalogue/data-set/6b64a185-a49d-443e-9338-8f8bf7b67c90,"All pupils / Total; Reading, writing and maths",2026-09-22
England,2023/24,Reading,Expected standard,Not available,percent,All pupils; state-funded schools,Final,https://explore-education-statistics.service.gov.uk/data-catalogue/data-set/6b64a185-a49d-443e-9338-8f8bf7b67c90,All pupils / Total; Reading,2026-09-22
England,2023/24,Reading,Higher standard,Not available,percent,All pupils; state-funded schools,Final,https://explore-education-statistics.service.gov.uk/data-catalogue/data-set/6b64a185-a49d-443e-9338-8f8bf7b67c90,All pupils / Total; Reading,2026-09-22
England,2023/24,Writing,Expected standard,Not available,percent,All pupils; state-funded schools,Final,https://explore-education-statistics.service.gov.uk/data-catalogue/data-set/6b64a185-a49d-443e-9338-8f8bf7b67c90,All pupils / Total; Writing,2026-09-22
England,2023/24,Writing,Higher standard,Not available,percent,All pupils; state-funded schools,Final,https://explore-education-statistics.service.gov.uk/data-catalogue/data-set/6b64a185-a49d-443e-9338-8f8bf7b67c90,All pupils / Total; Writing,2026-09-22
England,2023/24,Maths,Expected standard,Not available,percent,All pupils; state-funded schools,Final,https://explore-education-statistics.service.gov.uk/data-catalogue/data-set/6b64a185-a49d-443e-9338-8f8bf7b67c90,All pupils / Total; Maths,2026-09-22
England,2023/24,Maths,Higher standard,Not available,percent,All pupils; state-funded schools,Final,https://explore-education-statistics.service.gov.uk/data-catalogue/data-set/6b64a185-a49d-443e-9338-8f8bf7b67c90,All pupils / Total; Maths,2026-09-22
Richmond upon Thames,2024/25,"Reading, writing and maths",Expected standard,78,percent,All pupils; state-funded schools,Final,https://explore-education-statistics.service.gov.uk/data-catalogue/data-set/6b64a185-a49d-443e-9338-8f8bf7b67c90,"All pupils / Total; Reading, writing and maths",2026-09-22
Richmond upon Thames,2024/25,"Reading, writing and maths",Higher standard,21,percent,All pupils; state-funded schools,Final,https://explore-education-statistics.service.gov.uk/data-catalogue/data-set/6b64a185-a49d-443e-9338-8f8bf7b67c90,"All pupils / Total; Reading, writing and maths",2026-09-22
Richmond upon Thames,2024/25,Reading,Expected standard,88,percent,All pupils; state-funded schools,Final,https://explore-education-statistics.service.gov.uk/data-catalogue/data-set/6b64a185-a49d-443e-9338-8f8bf7b67c90,All pupils / Total; Reading,2026-09-22
Richmond upon Thames,2024/25,Reading,Higher standard,54,percent,All pupils; state-funded schools,Final,https://explore-education-statistics.service.gov.uk/data-catalogue/data-set/6b64a185-a49d-443e-9338-8f8bf7b67c90,All pupils / Total; Reading,2026-09-22
Richmond upon Thames,2024/25,Writing,Expected standard,83,percent,All pupils; state-funded schools,Final,https://explore-education-statistics.service.gov.uk/data-catalogue/data-set/6b64a185-a49d-443e-9338-8f8bf7b67c90,All pupils / Total; Writing,2026-09-22
Richmond upon Thames,2024/25,Writing,Higher standard,26,percent,All pupils; state-funded schools,Final,https://explore-education-statistics.service.gov.uk/data-catalogue/data-set/6b64a185-a49d-443e-9338-8f8bf7b67c90,All pupils / Total; Writing,2026-09-22
Richmond upon Thames,2024/25,Maths,Expected standard,88,percent,All pupils; state-funded schools,Final,https://explore-education-statistics.service.gov.uk/data-catalogue/data-set/6b64a185-a49d-443e-9338-8f8bf7b67c90,All pupils / Total; Maths,2026-09-22
Richmond upon Thames,2024/25,Maths,Higher standard,46,percent,All pupils; state-funded schools,Final,https://explore-education-statistics.service.gov.uk/data-catalogue/data-set/6b64a185-a49d-443e-9338-8f8bf7b67c90,All pupils / Total; Maths,2026-09-22
England,2024/25,"Reading, writing and maths",Expected standard,62,percent,All pupils; state-funded schools,Final,https://explore-education-statistics.service.gov.uk/data-catalogue/data-set/6b64a185-a49d-443e-9338-8f8bf7b67c90,"All pupils / Total; Reading, writing and maths",2026-09-22
England,2024/25,"Reading, writing and maths",Higher standard,8,percent,All pupils; state-funded schools,Final,https://explore-education-statistics.service.gov.uk/data-catalogue/data-set/6b64a185-a49d-443e-9338-8f8bf7b67c90,"All pupils / Total; Reading, writing and maths",2026-09-22
England,2024/25,Reading,Expected standard,75,percent,All pupils; state-funded schools,Final,https://explore-education-statistics.service.gov.uk/data-catalogue/data-set/6b64a185-a49d-443e-9338-8f8bf7b67c90,All pupils / Total; Reading,2026-09-22
England,2024/25,Reading,Higher standard,33,percent,All pupils; state-funded schools,Final,https://explore-education-statistics.service.gov.uk/data-catalogue/data-set/6b64a185-a49d-443e-9338-8f8bf7b67c90,All pupils / Total; Reading,2026-09-22
England,2024/25,Writing,Expected standard,72,percent,All pupils; state-funded schools,Final,https://explore-education-statistics.service.gov.uk/data-catalogue/data-set/6b64a185-a49d-443e-9338-8f8bf7b67c90,All pupils / Total; Writing,2026-09-22
England,2024/25,Writing,Higher standard,13,percent,All pupils; state-funded schools,Final,https://explore-education-statistics.service.gov.uk/data-catalogue/data-set/6b64a185-a49d-443e-9338-8f8bf7b67c90,All pupils / Total; Writing,2026-09-22
England,2024/25,Maths,Expected standard,74,percent,All pupils; state-funded schools,Final,https://explore-education-statistics.service.gov.uk/data-catalogue/data-set/6b64a185-a49d-443e-9338-8f8bf7b67c90,All pupils / Total; Maths,2026-09-22
England,2024/25,Maths,Higher standard,26,percent,All pupils; state-funded schools,Final,https://explore-education-statistics.service.gov.uk/data-catalogue/data-set/6b64a185-a49d-443e-9338-8f8bf7b67c90,All pupils / Total; Maths,2026-09-22
Kew Riverside Primary School,2022/23,Reading,Expected standard,92,percent,All pupils; whole school cohort,Inspection report table,https://www.kewriverside.richmond.sch.uk/attachments/download.asp?file=3619&type=pdf,PDF page 9; historical subject results,2026-09-22
Kew Riverside Primary School,2022/23,Reading,Higher standard,Not available,percent,All pupils; whole school cohort,Inspection report table,https://www.kewriverside.richmond.sch.uk/attachments/download.asp?file=3619&type=pdf,PDF page 9; historical subject results,2026-09-22
Kew Riverside Primary School,2022/23,Writing,Expected standard,83,percent,All pupils; whole school cohort,Inspection report table,https://www.kewriverside.richmond.sch.uk/attachments/download.asp?file=3619&type=pdf,PDF page 10; historical subject results,2026-09-22
Kew Riverside Primary School,2022/23,Writing,Higher standard,Not available,percent,All pupils; whole school cohort,Inspection report table,https://www.kewriverside.richmond.sch.uk/attachments/download.asp?file=3619&type=pdf,PDF page 10; historical subject results,2026-09-22
Kew Riverside Primary School,2022/23,Maths,Expected standard,83,percent,All pupils; whole school cohort,Inspection report table,https://www.kewriverside.richmond.sch.uk/attachments/download.asp?file=3619&type=pdf,PDF page 10; historical subject results,2026-09-22
Kew Riverside Primary School,2022/23,Maths,Higher standard,Not available,percent,All pupils; whole school cohort,Inspection report table,https://www.kewriverside.richmond.sch.uk/attachments/download.asp?file=3619&type=pdf,PDF page 10; historical subject results,2026-09-22
Kew Riverside Primary School,2023/24,Reading,Expected standard,80,percent,All pupils; whole school cohort,Inspection report table,https://www.kewriverside.richmond.sch.uk/attachments/download.asp?file=3619&type=pdf,PDF page 9; historical subject results,2026-09-22
Kew Riverside Primary School,2023/24,Reading,Higher standard,Not available,percent,All pupils; whole school cohort,Inspection report table,https://www.kewriverside.richmond.sch.uk/attachments/download.asp?file=3619&type=pdf,PDF page 9; historical subject results,2026-09-22
Kew Riverside Primary School,2023/24,Writing,Expected standard,67,percent,All pupils; whole school cohort,Inspection report table,https://www.kewriverside.richmond.sch.uk/attachments/download.asp?file=3619&type=pdf,PDF page 10; historical subject results,2026-09-22
Kew Riverside Primary School,2023/24,Writing,Higher standard,Not available,percent,All pupils; whole school cohort,Inspection report table,https://www.kewriverside.richmond.sch.uk/attachments/download.asp?file=3619&type=pdf,PDF page 10; historical subject results,2026-09-22
Kew Riverside Primary School,2023/24,Maths,Expected standard,73,percent,All pupils; whole school cohort,Inspection report table,https://www.kewriverside.richmond.sch.uk/attachments/download.asp?file=3619&type=pdf,PDF page 10; historical subject results,2026-09-22
Kew Riverside Primary School,2023/24,Maths,Higher standard,Not available,percent,All pupils; whole school cohort,Inspection report table,https://www.kewriverside.richmond.sch.uk/attachments/download.asp?file=3619&type=pdf,PDF page 10; historical subject results,2026-09-22
Darell,2025/26,"Reading, writing and maths",Expected standard,68,percent,"Whole cohort of 22, including specialist resource provision",School-reported,https://www.darell.richmond.sch.uk/news/?nid=2&pid=22&storyid=44,Whole-cohort results graphic,2026-09-22
Darell,2025/26,"Reading, writing and maths",Higher standard,14,percent,"Whole cohort of 22, including specialist resource provision",School-reported,https://www.darell.richmond.sch.uk/news/?nid=2&pid=22&storyid=44,Whole-cohort results graphic,2026-09-22
England,2025/26,"Reading, writing and maths",Expected standard,63,percent,All pupils; state-funded schools,Provisional,https://explore-education-statistics.service.gov.uk/find-statistics/key-stage-2-attainment/2025-26-provisional,National headline tables,2026-09-22
England,2025/26,"Reading, writing and maths",Higher standard,9,percent,All pupils; state-funded schools,Provisional,https://explore-education-statistics.service.gov.uk/find-statistics/key-stage-2-attainment/2025-26-provisional,National headline tables,2026-09-22
Darell,2025/26,Reading,Expected standard,68,percent,"Whole cohort of 22, including specialist resource provision",School-reported,https://www.darell.richmond.sch.uk/news/?nid=2&pid=22&storyid=44,Whole-cohort results graphic,2026-09-22
Darell,2025/26,Reading,Higher standard,27,percent,"Whole cohort of 22, including specialist resource provision",School-reported,https://www.darell.richmond.sch.uk/news/?nid=2&pid=22&storyid=44,Whole-cohort results graphic,2026-09-22
England,2025/26,Reading,Expected standard,75,percent,All pupils; state-funded schools,Provisional,https://explore-education-statistics.service.gov.uk/find-statistics/key-stage-2-attainment/2025-26-provisional,National headline tables,2026-09-22
England,2025/26,Reading,Higher standard,31,percent,All pupils; state-funded schools,Provisional,https://explore-education-statistics.service.gov.uk/find-statistics/key-stage-2-attainment/2025-26-provisional,National headline tables,2026-09-22
Darell,2025/26,Writing,Expected standard,73,percent,"Whole cohort of 22, including specialist resource provision",School-reported,https://www.darell.richmond.sch.uk/news/?nid=2&pid=22&storyid=44,Whole-cohort results graphic,2026-09-22
Darell,2025/26,Writing,Higher standard,23,percent,"Whole cohort of 22, including specialist resource provision",School-reported,https://www.darell.richmond.sch.uk/news/?nid=2&pid=22&storyid=44,Whole-cohort results graphic,2026-09-22
England,2025/26,Writing,Expected standard,73,percent,All pupils; state-funded schools,Provisional,https://explore-education-statistics.service.gov.uk/find-statistics/key-stage-2-attainment/2025-26-provisional,National headline tables,2026-09-22
England,2025/26,Writing,Higher standard,13,percent,All pupils; state-funded schools,Provisional,https://explore-education-statistics.service.gov.uk/find-statistics/key-stage-2-attainment/2025-26-provisional,National headline tables,2026-09-22
Darell,2025/26,Maths,Expected standard,73,percent,"Whole cohort of 22, including specialist resource provision",School-reported,https://www.darell.richmond.sch.uk/news/?nid=2&pid=22&storyid=44,Whole-cohort results graphic,2026-09-22
Darell,2025/26,Maths,Higher standard,23,percent,"Whole cohort of 22, including specialist resource provision",School-reported,https://www.darell.richmond.sch.uk/news/?nid=2&pid=22&storyid=44,Whole-cohort results graphic,2026-09-22
England,2025/26,Maths,Expected standard,75,percent,All pupils; state-funded schools,Provisional,https://explore-education-statistics.service.gov.uk/find-statistics/key-stage-2-attainment/2025-26-provisional,National headline tables,2026-09-22
England,2025/26,Maths,Higher standard,27,percent,All pupils; state-funded schools,Provisional,https://explore-education-statistics.service.gov.uk/find-statistics/key-stage-2-attainment/2025-26-provisional,National headline tables,2026-09-22
Kew Riverside Primary School,2022/23,All subjects,Eligible pupils,12,pupils,All pupils; whole school cohort,Verified eligible-pupil count,https://explore-education-statistics.service.gov.uk/data-catalogue/data-set/3166c43a-c37e-4087-a0ec-4ed703f7a0b2,Eligible pupils,2026-09-22
Kew Riverside Primary School,2023/24,All subjects,Eligible pupils,Not verified,pupils,All pupils; whole school cohort,Not independently verified; not inferred,https://explore-education-statistics.service.gov.uk/data-catalogue/data-set/3166c43a-c37e-4087-a0ec-4ed703f7a0b2,Eligible pupils,2026-09-22
Kew Riverside Primary School,2024/25,All subjects,Eligible pupils,15,pupils,All pupils; whole school cohort,Verified eligible-pupil count,https://explore-education-statistics.service.gov.uk/data-catalogue/data-set/3166c43a-c37e-4087-a0ec-4ed703f7a0b2,Eligible pupils,2026-09-22
Darell,2022/23,All subjects,Eligible pupils,27,pupils,All pupils; whole school cohort,Verified eligible-pupil count,https://explore-education-statistics.service.gov.uk/data-catalogue/data-set/3166c43a-c37e-4087-a0ec-4ed703f7a0b2,Eligible pupils,2026-09-22
Darell,2023/24,All subjects,Eligible pupils,Not verified,pupils,All pupils; whole school cohort,Not independently verified; not inferred,https://explore-education-statistics.service.gov.uk/data-catalogue/data-set/3166c43a-c37e-4087-a0ec-4ed703f7a0b2,Eligible pupils,2026-09-22
Darell,2024/25,All subjects,Eligible pupils,23,pupils,All pupils; whole school cohort,Verified eligible-pupil count,https://explore-education-statistics.service.gov.uk/data-catalogue/data-set/3166c43a-c37e-4087-a0ec-4ed703f7a0b2,Eligible pupils,2026-09-22
