Observation ID,Topic,Geography,Period,Measure,Evidence type,Value,Comparator,Unit,Precision,Source ID,Source URL,Locator,Qualification
dfe-2021/22-incomePence,financial actuals,Kew Riverside Primary School,2021/22,Total income,reported actual,1077786.00,,GBP,whole pound,kew-finance-income-history,https://financial-benchmarking-and-insights-tool.education.gov.uk/api/income/history?type=school&id=133343&dimension=Actuals,"Kew Riverside Primary School income history, financial years ending 2022–2026",Financial year ends in March; DfE displayed values retain source precision.
dfe-2021/22-expenditurePence,financial actuals,Kew Riverside Primary School,2021/22,Total expenditure,reported actual,1131429.00,,GBP,whole pound,kew-finance-expenditure-history,https://financial-benchmarking-and-insights-tool.education.gov.uk/api/expenditure/history?type=school&id=133343&dimension=Actuals,"Kew Riverside Primary School expenditure history, financial years ending 2022–2026",Financial year ends in March; DfE displayed values retain source precision.
dfe-2021/22-inYearResultPence,financial actuals,Kew Riverside Primary School,2021/22,In-year result,reported actual,-53643.00,,GBP,whole pound,kew-finance-balance-history,https://financial-benchmarking-and-insights-tool.education.gov.uk/api/balance/history?type=school&id=133343&dimension=Actuals,"Kew Riverside Primary School in-year balance and revenue reserve history, financial years ending 2022–2026",Financial year ends in March; DfE displayed values retain source precision.
dfe-2021/22-revenueReservePence,financial actuals,Kew Riverside Primary School,2021/22,Year-end revenue reserve,reported actual,167012.00,,GBP,whole pound,kew-finance-balance-history,https://financial-benchmarking-and-insights-tool.education.gov.uk/api/balance/history?type=school&id=133343&dimension=Actuals,"Kew Riverside Primary School in-year balance and revenue reserve history, financial years ending 2022–2026",Financial year ends in March; DfE displayed values retain source precision.
dfe-2022/23-incomePence,financial actuals,Kew Riverside Primary School,2022/23,Total income,reported actual,1152466.12,,GBP,penny,kew-finance-income-history,https://financial-benchmarking-and-insights-tool.education.gov.uk/api/income/history?type=school&id=133343&dimension=Actuals,"Kew Riverside Primary School income history, financial years ending 2022–2026",Financial year ends in March; DfE displayed values retain source precision.
dfe-2022/23-expenditurePence,financial actuals,Kew Riverside Primary School,2022/23,Total expenditure,reported actual,1079134.19,,GBP,penny,kew-finance-expenditure-history,https://financial-benchmarking-and-insights-tool.education.gov.uk/api/expenditure/history?type=school&id=133343&dimension=Actuals,"Kew Riverside Primary School expenditure history, financial years ending 2022–2026",Financial year ends in March; DfE displayed values retain source precision.
dfe-2022/23-inYearResultPence,financial actuals,Kew Riverside Primary School,2022/23,In-year result,reported actual,73331.93,,GBP,penny,kew-finance-balance-history,https://financial-benchmarking-and-insights-tool.education.gov.uk/api/balance/history?type=school&id=133343&dimension=Actuals,"Kew Riverside Primary School in-year balance and revenue reserve history, financial years ending 2022–2026",Financial year ends in March; DfE displayed values retain source precision.
dfe-2022/23-revenueReservePence,financial actuals,Kew Riverside Primary School,2022/23,Year-end revenue reserve,reported actual,240343.48,,GBP,penny,kew-finance-balance-history,https://financial-benchmarking-and-insights-tool.education.gov.uk/api/balance/history?type=school&id=133343&dimension=Actuals,"Kew Riverside Primary School in-year balance and revenue reserve history, financial years ending 2022–2026",Financial year ends in March; DfE displayed values retain source precision.
dfe-2023/24-incomePence,financial actuals,Kew Riverside Primary School,2023/24,Total income,reported actual,1086894.00,,GBP,whole pound,kew-finance-income-history,https://financial-benchmarking-and-insights-tool.education.gov.uk/api/income/history?type=school&id=133343&dimension=Actuals,"Kew Riverside Primary School income history, financial years ending 2022–2026",Financial year ends in March; DfE displayed values retain source precision.
dfe-2023/24-expenditurePence,financial actuals,Kew Riverside Primary School,2023/24,Total expenditure,reported actual,1066589.00,,GBP,whole pound,kew-finance-expenditure-history,https://financial-benchmarking-and-insights-tool.education.gov.uk/api/expenditure/history?type=school&id=133343&dimension=Actuals,"Kew Riverside Primary School expenditure history, financial years ending 2022–2026",Financial year ends in March; DfE displayed values retain source precision.
dfe-2023/24-inYearResultPence,financial actuals,Kew Riverside Primary School,2023/24,In-year result,reported actual,20305.00,,GBP,whole pound,kew-finance-balance-history,https://financial-benchmarking-and-insights-tool.education.gov.uk/api/balance/history?type=school&id=133343&dimension=Actuals,"Kew Riverside Primary School in-year balance and revenue reserve history, financial years ending 2022–2026",Financial year ends in March; DfE displayed values retain source precision.
dfe-2023/24-revenueReservePence,financial actuals,Kew Riverside Primary School,2023/24,Year-end revenue reserve,reported actual,260648.00,,GBP,whole pound,kew-finance-balance-history,https://financial-benchmarking-and-insights-tool.education.gov.uk/api/balance/history?type=school&id=133343&dimension=Actuals,"Kew Riverside Primary School in-year balance and revenue reserve history, financial years ending 2022–2026",Financial year ends in March; DfE displayed values retain source precision.
dfe-2024/25-incomePence,financial actuals,Kew Riverside Primary School,2024/25,Total income,reported actual,1078683.00,,GBP,whole pound,kew-finance-income-history,https://financial-benchmarking-and-insights-tool.education.gov.uk/api/income/history?type=school&id=133343&dimension=Actuals,"Kew Riverside Primary School income history, financial years ending 2022–2026",Financial year ends in March; DfE displayed values retain source precision.
dfe-2024/25-expenditurePence,financial actuals,Kew Riverside Primary School,2024/25,Total expenditure,reported actual,1032542.00,,GBP,whole pound,kew-finance-expenditure-history,https://financial-benchmarking-and-insights-tool.education.gov.uk/api/expenditure/history?type=school&id=133343&dimension=Actuals,"Kew Riverside Primary School expenditure history, financial years ending 2022–2026",Financial year ends in March; DfE displayed values retain source precision.
dfe-2024/25-inYearResultPence,financial actuals,Kew Riverside Primary School,2024/25,In-year result,reported actual,46141.00,,GBP,whole pound,kew-finance-balance-history,https://financial-benchmarking-and-insights-tool.education.gov.uk/api/balance/history?type=school&id=133343&dimension=Actuals,"Kew Riverside Primary School in-year balance and revenue reserve history, financial years ending 2022–2026",Financial year ends in March; DfE displayed values retain source precision.
dfe-2024/25-revenueReservePence,financial actuals,Kew Riverside Primary School,2024/25,Year-end revenue reserve,reported actual,306789.00,,GBP,whole pound,kew-finance-balance-history,https://financial-benchmarking-and-insights-tool.education.gov.uk/api/balance/history?type=school&id=133343&dimension=Actuals,"Kew Riverside Primary School in-year balance and revenue reserve history, financial years ending 2022–2026",Financial year ends in March; DfE displayed values retain source precision.
dfe-2025/26-incomePence,financial actuals,Kew Riverside Primary School,2025/26,Total income,reported actual,1015098.00,,GBP,whole pound,kew-finance-income-history,https://financial-benchmarking-and-insights-tool.education.gov.uk/api/income/history?type=school&id=133343&dimension=Actuals,"Kew Riverside Primary School income history, financial years ending 2022–2026",Financial year ends in March; DfE displayed values retain source precision.
dfe-2025/26-expenditurePence,financial actuals,Kew Riverside Primary School,2025/26,Total expenditure,reported actual,1090201.00,,GBP,whole pound,kew-finance-expenditure-history,https://financial-benchmarking-and-insights-tool.education.gov.uk/api/expenditure/history?type=school&id=133343&dimension=Actuals,"Kew Riverside Primary School expenditure history, financial years ending 2022–2026",Financial year ends in March; DfE displayed values retain source precision.
dfe-2025/26-inYearResultPence,financial actuals,Kew Riverside Primary School,2025/26,In-year result,reported actual,-75103.00,,GBP,whole pound,kew-finance-balance-history,https://financial-benchmarking-and-insights-tool.education.gov.uk/api/balance/history?type=school&id=133343&dimension=Actuals,"Kew Riverside Primary School in-year balance and revenue reserve history, financial years ending 2022–2026",Financial year ends in March; DfE displayed values retain source precision.
dfe-2025/26-revenueReservePence,financial actuals,Kew Riverside Primary School,2025/26,Year-end revenue reserve,reported actual,231685.00,,GBP,whole pound,kew-finance-balance-history,https://financial-benchmarking-and-insights-tool.education.gov.uk/api/balance/history?type=school&id=133343&dimension=Actuals,"Kew Riverside Primary School in-year balance and revenue reserve history, financial years ending 2022–2026",Financial year ends in March; DfE displayed values retain source precision.
council-openingPence,financial actuals,Kew Riverside Primary School,2025-03-31,Opening revenue reserve,reported actual,306788.79,,GBP,penny,school-balances-mar-2026,https://cabnet.richmond.gov.uk/documents/s500020983/Item%206%20Appendix%20A.pdf,"Appendix A, PDF page 1, Kew Riverside Primary School row",Revenue balance; capital balance is separate.
council-closingPence,financial actuals,Kew Riverside Primary School,2026-03-31,Closing revenue reserve,reported actual,231685.09,,GBP,penny,school-balances-mar-2026,https://cabnet.richmond.gov.uk/documents/s500020983/Item%206%20Appendix%20A.pdf,"Appendix A, PDF page 1, Kew Riverside Primary School row",Revenue balance; capital balance is separate.
council-movementPence,financial actuals,Kew Riverside Primary School,2025/26,Revenue reserve movement,reported actual,-75103.70,,GBP,penny,school-balances-mar-2026,https://cabnet.richmond.gov.uk/documents/s500020983/Item%206%20Appendix%20A.pdf,"Appendix A, PDF page 1, Kew Riverside Primary School row",Revenue balance; capital balance is separate.
council-forecast-2026/27,financial projection,Kew Riverside Primary School,2026/27,revenue reserve,council projection,,exhausted by year end,GBP,bound or qualitative statement,consultation-leaflet,https://www.richmond.gov.uk/media/fxhbilws/kew_riverside_consultation_leaflet.pdf,PDF pages 3 and 5: three-year deficit statement and Kew planning-area table,"financial reserves will be fully used by the end of the 2026/27 financial year; earlier leaflet wording conflicts with later Kew FAQ Q5, which projects £19,268 remaining at March 2027; earlier leaflet wording conflicts with the separately received final summary’s indicative March 2027 reserve."
council-forecast-2028/29,financial projection,Kew Riverside Primary School,2028/29,accumulated deficit,council projection,400000.00,greater than,GBP,bound or qualitative statement,consultation-leaflet,https://www.richmond.gov.uk/media/fxhbilws/kew_riverside_consultation_leaflet.pdf,PDF pages 3 and 5: three-year deficit statement and Kew planning-area table,"a deficit of over £400,000 by 2028/29"
budget-2026/27-openingPence,received budget summary,Kew Riverside Primary School,2026/27,Opening balance,indicative forecast,231685.09,,GBP,penny,kew-budget-summary-2026,https://savekewriversideprimaryschool.org/kew-budget-summary-2026.pdf,"Page 1: revenue table and FINAL approval block, dated 20 May 2026; supplied in the 7 October response. Signature removed from this public copy.","FINAL summary approved 20 May 2026; supplied 7 October. Future columns labelled Indicative. Ledger, assumptions and current monitoring remain outstanding. Published closing values retained despite one-penny component differences."
budget-2026/27-incomePence,received budget summary,Kew Riverside Primary School,2026/27,Income,indicative forecast,933655.38,,GBP,penny,kew-budget-summary-2026,https://savekewriversideprimaryschool.org/kew-budget-summary-2026.pdf,"Page 1: revenue table and FINAL approval block, dated 20 May 2026; supplied in the 7 October response. Signature removed from this public copy.","FINAL summary approved 20 May 2026; supplied 7 October. Future columns labelled Indicative. Ledger, assumptions and current monitoring remain outstanding. Published closing values retained despite one-penny component differences."
budget-2026/27-expenditurePence,received budget summary,Kew Riverside Primary School,2026/27,Expenditure,indicative forecast,1146072.76,,GBP,penny,kew-budget-summary-2026,https://savekewriversideprimaryschool.org/kew-budget-summary-2026.pdf,"Page 1: revenue table and FINAL approval block, dated 20 May 2026; supplied in the 7 October response. Signature removed from this public copy.","FINAL summary approved 20 May 2026; supplied 7 October. Future columns labelled Indicative. Ledger, assumptions and current monitoring remain outstanding. Published closing values retained despite one-penny component differences."
budget-2026/27-annualGapPence,received budget summary,Kew Riverside Primary School,2026/27,Annual gap from income and expenditure,indicative forecast,212417.38,,GBP,penny,kew-budget-summary-2026,https://savekewriversideprimaryschool.org/kew-budget-summary-2026.pdf,"Page 1: revenue table and FINAL approval block, dated 20 May 2026; supplied in the 7 October response. Signature removed from this public copy.","FINAL summary approved 20 May 2026; supplied 7 October. Future columns labelled Indicative. Ledger, assumptions and current monitoring remain outstanding. Published closing values retained despite one-penny component differences."
budget-2026/27-reportedClosingPence,received budget summary,Kew Riverside Primary School,2026/27,Published closing balance,indicative forecast,19267.70,,GBP,penny,kew-budget-summary-2026,https://savekewriversideprimaryschool.org/kew-budget-summary-2026.pdf,"Page 1: revenue table and FINAL approval block, dated 20 May 2026; supplied in the 7 October response. Signature removed from this public copy.","FINAL summary approved 20 May 2026; supplied 7 October. Future columns labelled Indicative. Ledger, assumptions and current monitoring remain outstanding. Published closing values retained despite one-penny component differences."
budget-2027/28-openingPence,received budget summary,Kew Riverside Primary School,2027/28,Opening balance,indicative forecast,19267.70,,GBP,penny,kew-budget-summary-2026,https://savekewriversideprimaryschool.org/kew-budget-summary-2026.pdf,"Page 1: revenue table and FINAL approval block, dated 20 May 2026; supplied in the 7 October response. Signature removed from this public copy.","FINAL summary approved 20 May 2026; supplied 7 October. Future columns labelled Indicative. Ledger, assumptions and current monitoring remain outstanding. Published closing values retained despite one-penny component differences."
budget-2027/28-incomePence,received budget summary,Kew Riverside Primary School,2027/28,Income,indicative forecast,971885.36,,GBP,penny,kew-budget-summary-2026,https://savekewriversideprimaryschool.org/kew-budget-summary-2026.pdf,"Page 1: revenue table and FINAL approval block, dated 20 May 2026; supplied in the 7 October response. Signature removed from this public copy.","FINAL summary approved 20 May 2026; supplied 7 October. Future columns labelled Indicative. Ledger, assumptions and current monitoring remain outstanding. Published closing values retained despite one-penny component differences."
budget-2027/28-expenditurePence,received budget summary,Kew Riverside Primary School,2027/28,Expenditure,indicative forecast,1187062.82,,GBP,penny,kew-budget-summary-2026,https://savekewriversideprimaryschool.org/kew-budget-summary-2026.pdf,"Page 1: revenue table and FINAL approval block, dated 20 May 2026; supplied in the 7 October response. Signature removed from this public copy.","FINAL summary approved 20 May 2026; supplied 7 October. Future columns labelled Indicative. Ledger, assumptions and current monitoring remain outstanding. Published closing values retained despite one-penny component differences."
budget-2027/28-annualGapPence,received budget summary,Kew Riverside Primary School,2027/28,Annual gap from income and expenditure,indicative forecast,215177.46,,GBP,penny,kew-budget-summary-2026,https://savekewriversideprimaryschool.org/kew-budget-summary-2026.pdf,"Page 1: revenue table and FINAL approval block, dated 20 May 2026; supplied in the 7 October response. Signature removed from this public copy.","FINAL summary approved 20 May 2026; supplied 7 October. Future columns labelled Indicative. Ledger, assumptions and current monitoring remain outstanding. Published closing values retained despite one-penny component differences."
budget-2027/28-reportedClosingPence,received budget summary,Kew Riverside Primary School,2027/28,Published closing balance,indicative forecast,-195909.75,,GBP,penny,kew-budget-summary-2026,https://savekewriversideprimaryschool.org/kew-budget-summary-2026.pdf,"Page 1: revenue table and FINAL approval block, dated 20 May 2026; supplied in the 7 October response. Signature removed from this public copy.","FINAL summary approved 20 May 2026; supplied 7 October. Future columns labelled Indicative. Ledger, assumptions and current monitoring remain outstanding. Published closing values retained despite one-penny component differences."
budget-2028/29-openingPence,received budget summary,Kew Riverside Primary School,2028/29,Opening balance,indicative forecast,-195909.75,,GBP,penny,kew-budget-summary-2026,https://savekewriversideprimaryschool.org/kew-budget-summary-2026.pdf,"Page 1: revenue table and FINAL approval block, dated 20 May 2026; supplied in the 7 October response. Signature removed from this public copy.","FINAL summary approved 20 May 2026; supplied 7 October. Future columns labelled Indicative. Ledger, assumptions and current monitoring remain outstanding. Published closing values retained despite one-penny component differences."
budget-2028/29-incomePence,received budget summary,Kew Riverside Primary School,2028/29,Income,indicative forecast,967887.26,,GBP,penny,kew-budget-summary-2026,https://savekewriversideprimaryschool.org/kew-budget-summary-2026.pdf,"Page 1: revenue table and FINAL approval block, dated 20 May 2026; supplied in the 7 October response. Signature removed from this public copy.","FINAL summary approved 20 May 2026; supplied 7 October. Future columns labelled Indicative. Ledger, assumptions and current monitoring remain outstanding. Published closing values retained despite one-penny component differences."
budget-2028/29-expenditurePence,received budget summary,Kew Riverside Primary School,2028/29,Expenditure,indicative forecast,1229679.50,,GBP,penny,kew-budget-summary-2026,https://savekewriversideprimaryschool.org/kew-budget-summary-2026.pdf,"Page 1: revenue table and FINAL approval block, dated 20 May 2026; supplied in the 7 October response. Signature removed from this public copy.","FINAL summary approved 20 May 2026; supplied 7 October. Future columns labelled Indicative. Ledger, assumptions and current monitoring remain outstanding. Published closing values retained despite one-penny component differences."
budget-2028/29-annualGapPence,received budget summary,Kew Riverside Primary School,2028/29,Annual gap from income and expenditure,indicative forecast,261792.24,,GBP,penny,kew-budget-summary-2026,https://savekewriversideprimaryschool.org/kew-budget-summary-2026.pdf,"Page 1: revenue table and FINAL approval block, dated 20 May 2026; supplied in the 7 October response. Signature removed from this public copy.","FINAL summary approved 20 May 2026; supplied 7 October. Future columns labelled Indicative. Ledger, assumptions and current monitoring remain outstanding. Published closing values retained despite one-penny component differences."
budget-2028/29-reportedClosingPence,received budget summary,Kew Riverside Primary School,2028/29,Published closing balance,indicative forecast,-457702.00,,GBP,penny,kew-budget-summary-2026,https://savekewriversideprimaryschool.org/kew-budget-summary-2026.pdf,"Page 1: revenue table and FINAL approval block, dated 20 May 2026; supplied in the 7 October response. Signature removed from this public copy.","FINAL summary approved 20 May 2026; supplied 7 October. Future columns labelled Indicative. Ledger, assumptions and current monitoring remain outstanding. Published closing values retained despite one-penny component differences."
faq-2026/27-annualGapPence,indicative budget forecast,Kew Riverside Primary School,2026/27,Annual budget gap,FAQ indicative forecast,212417.00,,GBP,whole pound,consultation-kew-faq,https://www.richmond.gov.uk/media/3pderpuw/school_organisation_kew_riverside_faq.pdf,"Kew-specific FAQ Q5, PDF page 4; indicative annual gaps and year-end positions",Earlier rounded FAQ Q5 figures retained for provenance. Received final summary provides penny-precision components; the rounded-input difference is not an unexplained £1 gap. Not current cash.
faq-2026/27-reportedClosingPence,indicative budget forecast,Kew Riverside Primary School,2026/27,Year-end position,FAQ indicative forecast,19268.00,,GBP,whole pound,consultation-kew-faq,https://www.richmond.gov.uk/media/3pderpuw/school_organisation_kew_riverside_faq.pdf,"Kew-specific FAQ Q5, PDF page 4; indicative annual gaps and year-end positions",Earlier rounded FAQ Q5 figures retained for provenance. Received final summary provides penny-precision components; the rounded-input difference is not an unexplained £1 gap. Not current cash.
faq-2026/27-calculatedClosingPence,indicative budget forecast,Kew Riverside Primary School,2026/27,Year-end position from rounded inputs,calculation,19268.00,,GBP,whole pound,consultation-kew-faq,https://www.richmond.gov.uk/media/3pderpuw/school_organisation_kew_riverside_faq.pdf,"Kew-specific FAQ Q5, PDF page 4; indicative annual gaps and year-end positions",Earlier rounded FAQ Q5 figures retained for provenance. Received final summary provides penny-precision components; the rounded-input difference is not an unexplained £1 gap. Not current cash.
faq-2027/28-annualGapPence,indicative budget forecast,Kew Riverside Primary School,2027/28,Annual budget gap,FAQ indicative forecast,215177.00,,GBP,whole pound,consultation-kew-faq,https://www.richmond.gov.uk/media/3pderpuw/school_organisation_kew_riverside_faq.pdf,"Kew-specific FAQ Q5, PDF page 4; indicative annual gaps and year-end positions",Earlier rounded FAQ Q5 figures retained for provenance. Received final summary provides penny-precision components; the rounded-input difference is not an unexplained £1 gap. Not current cash.
faq-2027/28-reportedClosingPence,indicative budget forecast,Kew Riverside Primary School,2027/28,Year-end position,FAQ indicative forecast,-195909.00,,GBP,whole pound,consultation-kew-faq,https://www.richmond.gov.uk/media/3pderpuw/school_organisation_kew_riverside_faq.pdf,"Kew-specific FAQ Q5, PDF page 4; indicative annual gaps and year-end positions",Earlier rounded FAQ Q5 figures retained for provenance. Received final summary provides penny-precision components; the rounded-input difference is not an unexplained £1 gap. Not current cash.
faq-2027/28-calculatedClosingPence,indicative budget forecast,Kew Riverside Primary School,2027/28,Year-end position from rounded inputs,calculation,-195909.00,,GBP,whole pound,consultation-kew-faq,https://www.richmond.gov.uk/media/3pderpuw/school_organisation_kew_riverside_faq.pdf,"Kew-specific FAQ Q5, PDF page 4; indicative annual gaps and year-end positions",Earlier rounded FAQ Q5 figures retained for provenance. Received final summary provides penny-precision components; the rounded-input difference is not an unexplained £1 gap. Not current cash.
faq-2028/29-annualGapPence,indicative budget forecast,Kew Riverside Primary School,2028/29,Annual budget gap,FAQ indicative forecast,261792.00,,GBP,whole pound,consultation-kew-faq,https://www.richmond.gov.uk/media/3pderpuw/school_organisation_kew_riverside_faq.pdf,"Kew-specific FAQ Q5, PDF page 4; indicative annual gaps and year-end positions",Earlier rounded FAQ Q5 figures retained for provenance. Received final summary provides penny-precision components; the rounded-input difference is not an unexplained £1 gap. Not current cash.
faq-2028/29-reportedClosingPence,indicative budget forecast,Kew Riverside Primary School,2028/29,Year-end position,FAQ indicative forecast,-457702.00,,GBP,whole pound,consultation-kew-faq,https://www.richmond.gov.uk/media/3pderpuw/school_organisation_kew_riverside_faq.pdf,"Kew-specific FAQ Q5, PDF page 4; indicative annual gaps and year-end positions",Earlier rounded FAQ Q5 figures retained for provenance. Received final summary provides penny-precision components; the rounded-input difference is not an unexplained £1 gap. Not current cash.
faq-2028/29-calculatedClosingPence,indicative budget forecast,Kew Riverside Primary School,2028/29,Year-end position from rounded inputs,calculation,-457701.00,,GBP,whole pound,consultation-kew-faq,https://www.richmond.gov.uk/media/3pderpuw/school_organisation_kew_riverside_faq.pdf,"Kew-specific FAQ Q5, PDF page 4; indicative annual gaps and year-end positions",Earlier rounded FAQ Q5 figures retained for provenance. Received final summary provides penny-precision components; the rounded-input difference is not an unexplained £1 gap. Not current cash.
pfi-school-charge-2025-26,contextual amount,Kew Riverside Primary School,2025/26,School PFI charge,reported actual,69640.00,,GBP,whole pound,kew-finance-expenditure-history,https://financial-benchmarking-and-insights-tool.education.gov.uk/api/expenditure/history?type=school&id=133343&dimension=Actuals,"Kew Riverside Primary School expenditure history, financial years ending 2022–2026","reported school expenditure, not an avoidable closure saving"
forecast-check-total-forecastPupils,forecast check,"Kew planning area 3180007; URNs 133343, 102884, 102921; nursery excluded",2025/26,Reception–Year 6: Forecast pupils,published forecast,651,,pupils,whole pupil,kew-area-forecast-2025,https://explore-education-statistics.service.gov.uk/data-catalogue/data-set/64501ba1-ae89-40e0-9cf5-552a5f1ea6d1,"2024/25 SCAP forecasts, planning_area_code 3180007, Primary, time_period 202526",Forecast vintage: 2024/25 SCAP submission; actual measured 2026-01.
forecast-check-total-actualPupils,forecast check,"Kew planning area 3180007; URNs 133343, 102884, 102921; nursery excluded",2025/26,Reception–Year 6: Actual pupils,January 2026 census,654,,pupils,whole pupil,school-census-jan-2026,https://explore-education-statistics.service.gov.uk/find-statistics/school-pupils-and-their-characteristics/2025-26/explore,"January 2026 school census, URNs 133343, 102884 and 102921, Reception–Year 6",Forecast vintage: 2024/25 SCAP submission; actual measured 2026-01.
forecast-check-total-difference,forecast check,"Kew planning area 3180007; URNs 133343, 102884, 102921; nursery excluded",2025/26,Reception–Year 6: actual minus forecast,derived difference,3,,pupils,whole pupil,,,,Calculated from the two separately sourced observations; one vintage and one period.
forecast-check-reception-forecastPupils,forecast check,"Kew planning area 3180007; URNs 133343, 102884, 102921; nursery excluded",2025/26,Reception: Forecast pupils,published forecast,88,,pupils,whole pupil,kew-area-forecast-2025,https://explore-education-statistics.service.gov.uk/data-catalogue/data-set/64501ba1-ae89-40e0-9cf5-552a5f1ea6d1,"2024/25 SCAP forecasts, planning_area_code 3180007, Primary, time_period 202526",Forecast vintage: 2024/25 SCAP submission; actual measured 2026-01.
forecast-check-reception-actualPupils,forecast check,"Kew planning area 3180007; URNs 133343, 102884, 102921; nursery excluded",2025/26,Reception: Actual pupils,January 2026 census,97,,pupils,whole pupil,school-census-jan-2026,https://explore-education-statistics.service.gov.uk/find-statistics/school-pupils-and-their-characteristics/2025-26/explore,"January 2026 school census, URNs 133343, 102884 and 102921, Reception–Year 6",Forecast vintage: 2024/25 SCAP submission; actual measured 2026-01.
forecast-check-reception-difference,forecast check,"Kew planning area 3180007; URNs 133343, 102884, 102921; nursery excluded",2025/26,Reception: actual minus forecast,derived difference,9,,pupils,whole pupil,,,,Calculated from the two separately sourced observations; one vintage and one period.
borough-forecast-actual,borough forecast check,Richmond upon Thames,2025/26,Actual primary pupils,reported actual,14964,,pupils,whole pupil,richmond-forecast-accuracy-2025,https://explore-education-statistics.service.gov.uk/data-catalogue/data-set/7b949e21-60c6-4376-ba7f-d451ebff90d4,"Richmond upon Thames, Primary, old_la_code 318; actual 2025/26 and SCAP25/SCAP23 forecast columns.","Whole borough Primary phase, not Kew planning area or one school."
borough-SCAP25-forecast,borough forecast check,Richmond upon Thames,2025/26,1-year ahead forecast,forecast,15185,,pupils,whole pupil,richmond-forecast-accuracy-2025,https://explore-education-statistics.service.gov.uk/data-catalogue/data-set/7b949e21-60c6-4376-ba7f-d451ebff90d4,"Richmond upon Thames, Primary, old_la_code 318; actual 2025/26 and SCAP25/SCAP23 forecast columns.","SCAP25; Primary phase. Difference is forecast minus actual; percent uses actual as denominator. One target year, not Kew-area accuracy."
borough-SCAP25-difference,borough forecast check,Richmond upon Thames,2025/26,1-year ahead difference,derived comparison,221,,pupils,whole pupil,richmond-forecast-accuracy-2025,https://explore-education-statistics.service.gov.uk/data-catalogue/data-set/7b949e21-60c6-4376-ba7f-d451ebff90d4,"Richmond upon Thames, Primary, old_la_code 318; actual 2025/26 and SCAP25/SCAP23 forecast columns.","SCAP25; Primary phase. Difference is forecast minus actual; percent uses actual as denominator. One target year, not Kew-area accuracy."
borough-SCAP25-error,borough forecast check,Richmond upon Thames,2025/26,1-year ahead error,derived comparison,1.48,,percent,two decimal places,richmond-forecast-accuracy-2025,https://explore-education-statistics.service.gov.uk/data-catalogue/data-set/7b949e21-60c6-4376-ba7f-d451ebff90d4,"Richmond upon Thames, Primary, old_la_code 318; actual 2025/26 and SCAP25/SCAP23 forecast columns.","SCAP25; Primary phase. Difference is forecast minus actual; percent uses actual as denominator. One target year, not Kew-area accuracy."
borough-SCAP23-forecast,borough forecast check,Richmond upon Thames,2025/26,3-year ahead forecast,forecast,15468,,pupils,whole pupil,richmond-forecast-accuracy-2025,https://explore-education-statistics.service.gov.uk/data-catalogue/data-set/7b949e21-60c6-4376-ba7f-d451ebff90d4,"Richmond upon Thames, Primary, old_la_code 318; actual 2025/26 and SCAP25/SCAP23 forecast columns.","SCAP23; Primary phase. Difference is forecast minus actual; percent uses actual as denominator. One target year, not Kew-area accuracy."
borough-SCAP23-difference,borough forecast check,Richmond upon Thames,2025/26,3-year ahead difference,derived comparison,504,,pupils,whole pupil,richmond-forecast-accuracy-2025,https://explore-education-statistics.service.gov.uk/data-catalogue/data-set/7b949e21-60c6-4376-ba7f-d451ebff90d4,"Richmond upon Thames, Primary, old_la_code 318; actual 2025/26 and SCAP25/SCAP23 forecast columns.","SCAP23; Primary phase. Difference is forecast minus actual; percent uses actual as denominator. One target year, not Kew-area accuracy."
borough-SCAP23-error,borough forecast check,Richmond upon Thames,2025/26,3-year ahead error,derived comparison,3.37,,percent,two decimal places,richmond-forecast-accuracy-2025,https://explore-education-statistics.service.gov.uk/data-catalogue/data-set/7b949e21-60c6-4376-ba7f-d451ebff90d4,"Richmond upon Thames, Primary, old_la_code 318; actual 2025/26 and SCAP25/SCAP23 forecast columns.","SCAP23; Primary phase. Difference is forecast minus actual; percent uses actual as denominator. One target year, not Kew-area accuracy."
forecast-revision-earlierPupils,forecast revision,Kew planning area,2031/32,Earlier projection,June 2026 school organisation report,514,,pupils,whole pupil,school-organisation-june-2026,https://cabnet.richmond.gov.uk/documents/s500020721/11.%20School%20Organisation%20Report%20-%2011%20June%202026-%20Part%20A.pdf,"PDF page 4, Area 7: Kew, 2031/32 projection","Planning-area code 3180007; two forecast versions, not a forecast error."
forecast-revision-laterPupils,forecast revision,Kew planning area,2031/32,Later projection,Kew consultation leaflet,597,,pupils,whole pupil,consultation-leaflet,https://www.richmond.gov.uk/media/fxhbilws/kew_riverside_consultation_leaflet.pdf,PDF pages 3 and 5: three-year deficit statement and Kew planning-area table,"Planning-area code 3180007; two forecast versions, not a forecast error."
forecast-revision-difference,forecast revision,Kew planning area,2031/32,Later minus earlier,derived revision,83,,pupils,whole pupil,,,,Difference between two published forecasts; not measured error.
