"Title","Publisher","Document date","Document type","Topic","Review status","Summary","Source URL","Document location and context","Access checked","Record reference","Year","Review status explanation","Research checked","Collection scope","Closure status caveat"
"First Ofsted inspection","Ofsted","2003-10-13","Inspection","School history","Reviewed","The first inspection records the school's opening in September 2002 on a temporary site and the move to a new building in autumn 2003. This is a historical baseline, not a current judgement.","https://files.ofsted.gov.uk/v1/file/790043","Inspection 13 October 2003; published 20 May 2004.","2026-09-21","inspection-2003","2003","The public document or webpage was retrieved and reviewed for the stated summary; this is not validation of all its claims.","2026-10-05","Curated public-record index; not exhaustive. Original documents remain with their publishers.","Pre-statutory consultation on closure effective 1 September 2027. Council-linked form states response deadline 16 October 2026. Later committee and statutory stages are planned and conditional; no final closure decision verified. Checked 5 October 2026."
"Ofsted inspection: Outstanding","Ofsted","2007-12-06","Inspection","School history","Reviewed","Historical inspection report recording an Outstanding judgement. Read alongside later inspections rather than treating an old rating as the school's present assessment.","https://files.ofsted.gov.uk/v1/file/906811","Inspection 6 December 2007; published 8 January 2008.","2026-09-21","inspection-2007","2007","The public document or webpage was retrieved and reviewed for the stated summary; this is not validation of all its claims.","2026-10-05","Curated public-record index; not exhaustive. Original documents remain with their publishers.","Pre-statutory consultation on closure effective 1 September 2027. Council-linked form states response deadline 16 October 2026. Later committee and statutory stages are planned and conditional; no final closure decision verified. Checked 5 October 2026."
"Curriculum development visit","Ofsted","2009-01-19","Inspection","School history","Index only","The official Ofsted index lists a curriculum development visit. Its individual report has not been reviewed for this collection.","https://reports.ofsted.gov.uk/provider/21/133343","Visit 19 January 2009; published 31 March 2009. Follow the dated entry in the index.","2026-09-21","visit-2009","2009","A reviewed official index lists the item; its individual document was not reviewed.","2026-10-05","Curated public-record index; not exhaustive. Original documents remain with their publishers.","Pre-statutory consultation on closure effective 1 September 2027. Council-linked form states response deadline 16 October 2026. Later committee and statutory stages are planned and conditional; no final closure decision verified. Checked 5 October 2026."
"Interim assessment","Ofsted","2011-01-07","Inspection","School history","Index only","The official Ofsted index lists an interim assessment. Its individual report has not been reviewed for this collection.","https://reports.ofsted.gov.uk/provider/21/133343","Assessment 7 January 2011; published 17 May 2011. Follow the dated entry in the index.","2026-09-21","assessment-2011","2011","A reviewed official index lists the item; its individual document was not reviewed.","2026-10-05","Curated public-record index; not exhaustive. Original documents remain with their publishers.","Pre-statutory consultation on closure effective 1 September 2027. Council-linked form states response deadline 16 October 2026. Later committee and statutory stages are planned and conditional; no final closure decision verified. Checked 5 October 2026."
"Ofsted inspection: Good","Ofsted","2012-07-04","Inspection","School history","Reviewed","Historical inspection report recording a Good judgement. Useful for tracing the school's inspection history.","https://files.ofsted.gov.uk/v1/file/2071287","Inspection 4 July 2012; published 7 September 2012.","2026-09-21","inspection-2012","2012","The public document or webpage was retrieved and reviewed for the stated summary; this is not validation of all its claims.","2026-10-05","Curated public-record index; not exhaustive. Original documents remain with their publishers.","Pre-statutory consultation on closure effective 1 September 2027. Council-linked form states response deadline 16 October 2026. Later committee and statutory stages are planned and conditional; no final closure decision verified. Checked 5 October 2026."
"Ofsted inspection: Good","Ofsted","2017-01-10","Inspection","School history","Reviewed","Historical inspection report recording a Good judgement. Educational quality is a separate question from future demand and financial viability.","https://files.ofsted.gov.uk/v1/file/2651201","Inspection 10 January 2017; published 21 February 2017.","2026-09-21","inspection-2017","2017","The public document or webpage was retrieved and reviewed for the stated summary; this is not validation of all its claims.","2026-10-05","Curated public-record index; not exhaustive. Original documents remain with their publishers.","Pre-statutory consultation on closure effective 1 September 2027. Council-linked form states response deadline 16 October 2026. Later committee and statutory stages are planned and conditional; no final closure decision verified. Checked 5 October 2026."
"Ofsted: school continues to be Good","Ofsted","2021-11-25","Inspection","School history","Reviewed","The report says the school continued to be Good and records 145 pupils on roll. That pupil count belongs to the 2021 inspection; it is not a verified September 2026 roll.","https://files.ofsted.gov.uk/v1/file/50175973","Inspection 25 November 2021; published 19 January 2022. School details on page 5.","2026-09-21","inspection-2021","2021","The public document or webpage was retrieved and reviewed for the stated summary; this is not validation of all its claims.","2026-10-05","Curated public-record index; not exhaustive. Original documents remain with their publishers.","Pre-statutory consultation on closure effective 1 September 2027. Council-linked form states response deadline 16 October 2026. Later committee and statutory stages are planned and conditional; no final closure decision verified. Checked 5 October 2026."
"Ofsted inspection: full July 2026 report (school-hosted)","Ofsted","2026-07-08","Inspection","School history","Reviewed","Strong standard in early years, inclusion, and personal development and wellbeing; Expected standard in achievement, curriculum and teaching, and leadership and governance. Attendance and behaviour Needs attention: persistent absence is the concern, while behaviour is praised. Safeguarding Standards met. Next steps include attendance and consistent teaching approaches. These are category judgements, not a single overall grade.","https://www.kewriverside.richmond.sch.uk/attachments/download.asp?file=3619&type=pdf","16-page report for URN 133343. 8 July 2026 is the inspection date; publication date not inferred. School-hosted copy linked from its Ofsted page. Judgements: PDF pages 1–5; next steps and pupil leadership/younger readers: page 6; attainment: pages 9–10. Central index still lists 2021 latest on 22 September 2026.","2026-09-22","inspection-2026","2026","The public document or webpage was retrieved and reviewed for the stated summary; this is not validation of all its claims.","2026-10-05","Curated public-record index; not exhaustive. Original documents remain with their publishers.","Pre-statutory consultation on closure effective 1 September 2027. Council-linked form states response deadline 16 October 2026. Later committee and statutory stages are planned and conditional; no final closure decision verified. Checked 5 October 2026."
"School Place Planning Strategy: the Kew area","Richmond Council","2023-03","Planning report","Demand & housing","Reviewed","The Kew section expected longer-term demand from housing to fill available capacity. It discussed a continued temporary reduction at Darell. It also noted that the private finance initiative could complicate expansion at Kew Riverside Primary School. Housing figures and forecasts are assumptions from 2023, not current permissions or actual pupil numbers.","https://www.richmond.gov.uk/media/27676/school_place_planning_strategy.pdf","March 2023 strategy; printed page 37, planning area 7. Read assumptions against subsequent updates.","2026-09-21","strategy-2023","2023","The public document or webpage was retrieved and reviewed for the stated summary; this is not validation of all its claims.","2026-10-05","Curated public-record index; not exhaustive. Original documents remain with their publishers.","Pre-statutory consultation on closure effective 1 September 2027. Council-linked form states response deadline 16 October 2026. Later committee and statutory stages are planned and conditional; no final closure decision verified. Checked 5 October 2026."
"Schools Forum: falling rolls funding discussion","Richmond Schools Forum","2024-09-26","Meeting","Funding & buildings","Reviewed","The forum agreed to establish a Falling Rolls Fund for 2024/25, with the amount and criteria to follow. A proposed £551,530 transfer of earlier growth-fund underspend was discussed. This is not evidence of a grant awarded to Kew Riverside Primary School.","https://cabnet.richmond.gov.uk/ieListDocuments.aspx?CId=619&MId=500000433&Ver=4","26 September 2024 meeting; school place planning and funding items.","2026-09-21","forum-2024","2024","The public document or webpage was retrieved and reviewed for the stated summary; this is not validation of all its claims.","2026-10-05","Curated public-record index; not exhaustive. Original documents remain with their publishers.","Pre-statutory consultation on closure effective 1 September 2027. Council-linked form states response deadline 16 October 2026. Later committee and statutory stages are planned and conditional; no final closure decision verified. Checked 5 October 2026."
"School place planning report to Schools Forum","Richmond Council","2024-09-26","Planning report","Demand & housing","Reviewed","A borough-level planning report accompanying the September 2024 forum discussion. It provides the background to falling rolls and the pressure on smaller schools.","https://cabnet.richmond.gov.uk/documents/s500012384/Item%208%20School%20Place%20Planning.docx.pdf","Item 8; 14-page report. Borough context, not a school closure decision.","2026-09-21","planning-2024","2024","The public document or webpage was retrieved and reviewed for the stated summary; this is not validation of all its claims.","2026-10-05","Curated public-record index; not exhaustive. Original documents remain with their publishers.","Pre-statutory consultation on closure effective 1 September 2027. Council-linked form states response deadline 16 October 2026. Later committee and statutory stages are planned and conditional; no final closure decision verified. Checked 5 October 2026."
"Education Committee: work programme and admissions","Richmond Council","2025-06-12","Meeting","Decision process","Reviewed","Meeting records include work-programme discussion of admission-number changes for 2026/27. The position recorded at this meeting is historical and cannot establish the council's later closure plans.","https://cabnet.richmond.gov.uk/ieListDocuments.aspx?CId=800&MId=500000559&Ver=4","Education and Children's Services Committee, 12 June 2025.","2026-09-21","committee-june-2025","2025","The public document or webpage was retrieved and reviewed for the stated summary; this is not validation of all its claims.","2026-10-05","Curated public-record index; not exhaustive. Original documents remain with their publishers.","Pre-statutory consultation on closure effective 1 September 2027. Council-linked form states response deadline 16 October 2026. Later committee and statutory stages are planned and conditional; no final closure decision verified. Checked 5 October 2026."
"Schools Forum: annual place planning update","Richmond Schools Forum","2025-07-03","Meeting","Demand & housing","Reviewed","Agenda, reports and minutes covering falling primary demand and planned admission-number reductions. Useful for tracking how borough policy developed before the current closure discussion.","https://cabnet.richmond.gov.uk/ieListDocuments.aspx?CId=619&MId=500000581&Ver=4","3 July 2025 meeting, school place planning item.","2026-09-21","forum-july-2025","2025","The public document or webpage was retrieved and reviewed for the stated summary; this is not validation of all its claims.","2026-10-05","Curated public-record index; not exhaustive. Original documents remain with their publishers.","Pre-statutory consultation on closure effective 1 September 2027. Council-linked form states response deadline 16 October 2026. Later committee and statutory stages are planned and conditional; no final closure decision verified. Checked 5 October 2026."
"School place planning update: May 2025 data","Richmond Council","2025-07-03","Planning report","Demand & housing","Reviewed","This earlier 2025 report gives borough-wide capacity and application data. It records 84.5% occupancy against permanent capacity and 92.6% against temporarily reduced capacity. Use the November update for the later 2025 snapshot.","https://cabnet.richmond.gov.uk/documents/s500016559/Item%205%20-%20LBR%20SPP%20Update%20-%20Schools%20Forum%20-%203%20July%202025.docx.pdf","Item 5, 16 pages; data position May 2025.","2026-09-21","planning-july-2025","2025","The public document or webpage was retrieved and reviewed for the stated summary; this is not validation of all its claims.","2026-10-05","Curated public-record index; not exhaustive. Original documents remain with their publishers.","Pre-statutory consultation on closure effective 1 September 2027. Council-linked form states response deadline 16 October 2026. Later committee and statutory stages are planned and conditional; no final closure decision verified. Checked 5 October 2026."
"School place planning annual update: October 2025 data","Richmond Council","2025-11-13","Planning report","Demand & housing","Reviewed","Provides the borough application series and occupancy figures used here. Its illustrative figure of 342 primary pupils from housing covers the combined eastern borough over five to ten years, not Kew Riverside Primary School alone. Kew Retail Park was paused and left out. Housing permissions are not occupied family homes.","https://cabnet.richmond.gov.uk/documents/s500017780/6.%20School%20Place%20Planning%20Report.pdf","Item 6, 18 pages; October 2025 data, presented 13 November 2025.","2026-09-23","planning-nov-2025","2025","The public document or webpage was retrieved and reviewed for the stated summary; this is not validation of all its claims.","2026-10-05","Curated public-record index; not exhaustive. Original documents remain with their publishers.","Pre-statutory consultation on closure effective 1 September 2027. Council-linked form states response deadline 16 October 2026. Later committee and statutory stages are planned and conditional; no final closure decision verified. Checked 5 October 2026."
"Education Committee: falling rolls and closure as a last resort","Richmond Council","2025-11-13","Meeting","Decision process","Reviewed","The minutes discuss closure as a last resort while acknowledging that falling demand requires serious consideration of options. This borough-wide discussion is not a recorded decision to close Kew Riverside Primary School.","https://cabnet.richmond.gov.uk/ieListDocuments.aspx?CId=800&MId=500000561&Ver=4","Education and Children's Services Committee, 13 November 2025.","2026-09-21","committee-nov-2025","2025","The public document or webpage was retrieved and reviewed for the stated summary; this is not validation of all its claims.","2026-10-05","Curated public-record index; not exhaustive. Original documents remain with their publishers.","Pre-statutory consultation on closure effective 1 September 2027. Council-linked form states response deadline 16 October 2026. Later committee and statutory stages are planned and conditional; no final closure decision verified. Checked 5 October 2026."
"Council responsibilities for school buildings","Richmond Council","2026-05-12","Official webpage","Funding & buildings","Reviewed","Explains the council's role in school premises, including monitoring the private finance initiative and maintaining capacity information. It does not disclose the net financial consequences of a Kew Riverside Primary School closure.","https://www.richmond.gov.uk/services/children_and_family_care/schools_and_colleges/school_buildings","Page updated 12 May 2026.","2026-09-21","buildings-2026","2026","The public document or webpage was retrieved and reviewed for the stated summary; this is not validation of all its claims.","2026-10-05","Curated public-record index; not exhaustive. Original documents remain with their publishers.","Pre-statutory consultation on closure effective 1 September 2027. Council-linked form states response deadline 16 October 2026. Later committee and statutory stages are planned and conditional; no final closure decision verified. Checked 5 October 2026."
"How to speak or ask questions at council meetings","Richmond Council","2026-06-17","Participation","Taking part","Reviewed","For eligible borough residents and workers, the page describes speaking and written-question arrangements. Speaking registration closes at noon on the preceding working day; written questions close at noon two working days before. Check the relevant meeting and current rules before relying on a deadline.","https://www.richmond.gov.uk/council/have_your_say/participating_in_council_meetings","Updated 17 June 2026; speaking slots and question limits apply.","2026-09-21","participation","2026","The public document or webpage was retrieved and reviewed for the stated summary; this is not validation of all its claims.","2026-10-05","Curated public-record index; not exhaustive. Original documents remain with their publishers.","Pre-statutory consultation on closure effective 1 September 2027. Council-linked form states response deadline 16 October 2026. Later committee and statutory stages are planned and conditional; no final closure decision verified. Checked 5 October 2026."
"Closing maintained schools: statutory guidance","Department for Education","2026-09-01","Guidance","Decision process","Reviewed","Current guidance, in force from 1 September 2026, covers consultation, alternatives, formal proposals, representations and decisions. Its decision factors include future capacity, pupil and equality impacts, travel and funding. The sections we reviewed do not say that a consultation triggers a ban on visits. Any actual local instruction remains unverified.","https://assets.publishing.service.gov.uk/media/6a034409e71c4cdf4026bab8/Closing_maintained_schools_guidance_-_May_2026.pdf","May 2026 edition, 30 pages; effective 1 September 2026.","2026-09-23","guidance-2026","2026","The public document or webpage was retrieved and reviewed for the stated summary; this is not validation of all its claims.","2026-10-05","Curated public-record index; not exhaustive. Original documents remain with their publishers.","Pre-statutory consultation on closure effective 1 September 2027. Council-linked form states response deadline 16 October 2026. Later committee and statutory stages are planned and conditional; no final closure decision verified. Checked 5 October 2026."
"School organisation guidance: official publication page","Department for Education","2026-09-03","Directory","Decision process","Reviewed","The official landing page for maintained-school organisation guidance. Check here for replacement editions and accompanying documents.","https://www.gov.uk/government/publications/school-organisation-local-authority-maintained-schools","Publication page updated 3 September 2026.","2026-09-21","guidance-index","2026","The public document or webpage was retrieved and reviewed for the stated summary; this is not validation of all its claims.","2026-10-05","Curated public-record index; not exhaustive. Original documents remain with their publishers.","Pre-statutory consultation on closure effective 1 September 2027. Council-linked form states response deadline 16 October 2026. Later committee and statutory stages are planned and conditional; no final closure decision verified. Checked 5 October 2026."
"School newsletter: account of a summer 2026 inspection","Kew Riverside Primary School","2026-09-18","Newsletter","School history","Reviewed","The school's account reports six of seven inspection categories at expected standard or above and safeguarding met. It distinguishes attendance concerns from positive behaviour. The full July 2026 report has now been reviewed separately in record inspection-2026; this newsletter remains a distinct school account.","https://www.kewriverside.richmond.sch.uk/attachments/download.asp?file=3621&type=pdf","Document dated Friday 18 September 2026; homepage listing used a different date.","2026-09-21","newsletter-2026","2026","The public document or webpage was retrieved and reviewed for the stated summary; this is not validation of all its claims.","2026-10-05","Curated public-record index; not exhaustive. Original documents remain with their publishers.","Pre-statutory consultation on closure effective 1 September 2027. Council-linked form states response deadline 16 October 2026. Later committee and statutory stages are planned and conditional; no final closure decision verified. Checked 5 October 2026."
"School profile and current website","Kew Riverside Primary School","","Official webpage","School history","Reviewed","The school describes provision for ages 4–11 and capacity for 210 pupils. Capacity is not the same as current enrolment. The site is also a route to school updates and policies.","https://www.kewriverside.richmond.sch.uk/","Live webpage checked 21 September 2026; publication date not stated.","2026-09-21","school-home","Undated","The public document or webpage was retrieved and reviewed for the stated summary; this is not validation of all its claims.","2026-10-05","Curated public-record index; not exhaustive. Original documents remain with their publishers.","Pre-statutory consultation on closure effective 1 September 2027. Council-linked form states response deadline 16 October 2026. Later committee and statutory stages are planned and conditional; no final closure decision verified. Checked 5 October 2026."
"The school's private finance initiative arrangement","Kew Riverside Primary School","","Official webpage","Funding & buildings","Reviewed","Describes a 30-year private finance initiative (PFI) partnership begun in 2002 covering six borough primary schools, with school contributions through the local authority. It does not establish which payments would end after closure or the cost of changing the agreement.","https://www.kewriverside.richmond.sch.uk/page/?pid=348&title=Private+Finance+Initiative+(PFI)","Live school explanation; full contract and variation terms not obtained.","2026-09-21","pfi","Undated","The public document or webpage was retrieved and reviewed for the stated summary; this is not validation of all its claims.","2026-10-05","Curated public-record index; not exhaustive. Original documents remain with their publishers.","Pre-statutory consultation on closure effective 1 September 2027. Council-linked form states response deadline 16 October 2026. Later committee and statutory stages are planned and conditional; no final closure decision verified. Checked 5 October 2026."
"School financial information","Kew Riverside Primary School","","Official webpage","Funding & buildings","Reviewed","The school links to the DfE financial benchmarking service. Its historical actuals have now been retrieved separately; this school page is not an approved current budget or forecast.","https://www.kewriverside.richmond.sch.uk/page/?pid=557&title=Financial+Information","School financial information webpage, checked 21 September 2026.","2026-09-21","school-finance","Undated","The public document or webpage was retrieved and reviewed for the stated summary; this is not validation of all its claims.","2026-10-05","Curated public-record index; not exhaustive. Original documents remain with their publishers.","Pre-statutory consultation on closure effective 1 September 2027. Council-linked form states response deadline 16 October 2026. Later committee and statutory stages are planned and conditional; no final closure decision verified. Checked 5 October 2026."
"Financial benchmarking: school 133343","Department for Education","","Directory","Funding & buildings","Reviewed","The DfE service now provides Kew Riverside Primary School's reported five-year income, expenditure and revenue-balance actuals through its history pages. Those actuals do not supply the school's approved 2026/27 budget or the council's multi-year closure forecast.","https://financial-benchmarking-and-insights-tool.education.gov.uk/school/133343","School 133343 overview and historical data; underlying income, expenditure and balance series have separate records below. Financial years end in March; published values are rounded.","2026-09-23","benchmarking","Undated","The public document or webpage was retrieved and reviewed for the stated summary; this is not validation of all its claims.","2026-10-05","Curated public-record index; not exhaustive. Original documents remain with their publishers.","Pre-statutory consultation on closure effective 1 September 2027. Council-linked form states response deadline 16 October 2026. Later committee and statutory stages are planned and conditional; no final closure decision verified. Checked 5 October 2026."
"Complete official Ofsted report index","Ofsted","","Directory","School history","Reviewed","Official report index for unique reference number 133343. On 22 September 2026 it still listed the 2021 inspection as its latest full report. The full 8 July 2026 report is available on the school website and reviewed separately in record inspection-2026.","https://reports.ofsted.gov.uk/provider/21/133343","Checked 22 September 2026; a changing central index can lag the school-hosted report. Its absence here does not mean the newer report is unpublished.","2026-09-22","ofsted-index","Undated","The public document or webpage was retrieved and reviewed for the stated summary; this is not validation of all its claims.","2026-10-05","Curated public-record index; not exhaustive. Original documents remain with their publishers.","Pre-statutory consultation on closure effective 1 September 2027. Council-linked form states response deadline 16 October 2026. Later committee and statutory stages are planned and conditional; no final closure decision verified. Checked 5 October 2026."
"School newsletter archive","Kew Riverside Primary School","","Directory","School history","Reviewed","A route to dated school newsletters. Individual newsletters beyond those separately listed here have not all been reviewed. Third-party documents may include personal information; this hub does not reproduce pupils' photographs or names.","https://www.kewriverside.richmond.sch.uk/page/?pid=6&title=Newsletters","Index checked 21 September 2026.","2026-09-21","newsletter-index","Undated","The public document or webpage was retrieved and reviewed for the stated summary; this is not validation of all its claims.","2026-10-05","Curated public-record index; not exhaustive. Original documents remain with their publishers.","Pre-statutory consultation on closure effective 1 September 2027. Council-linked form states response deadline 16 October 2026. Later committee and statutory stages are planned and conditional; no final closure decision verified. Checked 5 October 2026."
"Education and Children's Services Committee","Richmond Council","","Directory","Decision process","Reviewed","Official directory of Richmond’s Education and Children’s Services Committee. On 21 September 2026 it lists Councillor Julia Cambridge as chair and Councillor Michael Wilson as vice-chair. Membership does not establish an individual’s position or vote on Kew Riverside Primary School.","https://cabnet.richmond.gov.uk/mgCommitteeDetails.aspx?ID=800","Live committee directory; committee ID 800.","2026-09-21","committee-index","Undated","The public document or webpage was retrieved and reviewed for the stated summary; this is not validation of all its claims.","2026-10-05","Curated public-record index; not exhaustive. Original documents remain with their publishers.","Pre-statutory consultation on closure effective 1 September 2027. Council-linked form states response deadline 16 October 2026. Later committee and statutory stages are planned and conditional; no final closure decision verified. Checked 5 October 2026."
"Education Committee: agendas and meeting calendar","Richmond Council","","Directory","Decision process","Reviewed","The calendar listed a meeting on 12 November 2026 at 7pm when checked. That listing alone does not confirm that Kew Riverside Primary School will be on the agenda.","https://cabnet.richmond.gov.uk/ieListMeetings.aspx?CommitteeId=800","Meeting index checked 21 September 2026; recheck dates and agenda before attending.","2026-09-21","committee-meetings","Undated","The public document or webpage was retrieved and reviewed for the stated summary; this is not validation of all its claims.","2026-10-05","Curated public-record index; not exhaustive. Original documents remain with their publishers.","Pre-statutory consultation on closure effective 1 September 2027. Council-linked form states response deadline 16 October 2026. Later committee and statutory stages are planned and conditional; no final closure decision verified. Checked 5 October 2026."
"Richmond Schools Forum","Richmond Council","","Directory","Funding & buildings","Reviewed","The forum is a route to school-funding consultation and reports. Its role should not be confused with the authority taking a closure decision.","https://cabnet.richmond.gov.uk/mgCommitteeDetails.aspx?ID=619","Live forum directory; committee ID 619.","2026-09-21","forum-index","Undated","The public document or webpage was retrieved and reviewed for the stated summary; this is not validation of all its claims.","2026-10-05","Curated public-record index; not exhaustive. Original documents remain with their publishers.","Pre-statutory consultation on closure effective 1 September 2027. Council-linked form states response deadline 16 October 2026. Later committee and statutory stages are planned and conditional; no final closure decision verified. Checked 5 October 2026."
"Petitions to Richmond Council","Richmond Council","","Participation","Taking part","Reviewed","Explains online and paper petitions and eligibility to sign. A qualifying petition with at least 500 signatures can reach the relevant committee; it does not create a veto over closure.","https://www.richmond.gov.uk/council/have_your_say/petitions","Read the linked petition scheme and current submission requirements.","2026-09-21","petitions","Undated","The public document or webpage was retrieved and reviewed for the stated summary; this is not validation of all its claims.","2026-10-05","Curated public-record index; not exhaustive. Original documents remain with their publishers.","Pre-statutory consultation on closure effective 1 September 2027. Council-linked form states response deadline 16 October 2026. Later committee and statutory stages are planned and conditional; no final closure decision verified. Checked 5 October 2026."
"Richmond Council petition scheme","Richmond Council","","Participation","Taking part","Reviewed","Detailed rules for handling petitions, including thresholds and the council's possible responses. Use this to check admissibility before collecting signatures.","https://www.richmond.gov.uk/council/have_your_say/petitions/petition_scheme","Council scheme checked 21 September 2026.","2026-09-21","petition-scheme","Undated","The public document or webpage was retrieved and reviewed for the stated summary; this is not validation of all its claims.","2026-10-05","Curated public-record index; not exhaustive. Original documents remain with their publishers.","Pre-statutory consultation on closure effective 1 September 2027. Council-linked form states response deadline 16 October 2026. Later committee and statutory stages are planned and conditional; no final closure decision verified. Checked 5 October 2026."
"Official establishment register: Kew Riverside Primary School","Department for Education","","Directory","School history","Not retrieved","The official establishment record was located, but access returned an error during collection. No current roll, status or governance claim here is based on its unread contents.","https://get-information-schools.service.gov.uk/Establishments/Establishment/Details/133343","Unique reference number 133343; direct retrieval unsuccessful.","2026-09-21","gias","Undated","Public route identified, but contents were not successfully retrieved.","2026-10-05","Curated public-record index; not exhaustive. Original documents remain with their publishers.","Pre-statutory consultation on closure effective 1 September 2027. Council-linked form states response deadline 16 October 2026. Later committee and statutory stages are planned and conditional; no final closure decision verified. Checked 5 October 2026."
"Kew Riverside Primary School: official closure consultation","Richmond Council","2026-09-21","Consultation","Decision process","Reviewed","The council describes a pre-statutory consultation on closure that would take effect on 1 September 2027. It sets out its financial and pupil-number reasons, a guaranteed Darell place for current pupils and transition support. Links to the leaflet, FAQ and response form. This is a proposal, not a final decision.","https://www.richmond.gov.uk/services/children_and_family_care/schools_and_colleges/school_organisation_consultations/kew_riverside_consultation","Page updated 21 September 2026. The 87-pupil figure is dated 2025/26 in the accompanying leaflet; the 2026/27 figure there is a forecast of 84.","2026-09-21","consultation-richmond","2026","The public document or webpage was retrieved and reviewed for the stated summary; this is not validation of all its claims.","2026-10-05","Curated public-record index; not exhaustive. Original documents remain with their publishers.","Pre-statutory consultation on closure effective 1 September 2027. Council-linked form states response deadline 16 October 2026. Later committee and statutory stages are planned and conditional; no final closure decision verified. Checked 5 October 2026."
"Achieving for Children: Richmond school organisation","Achieving for Children","","Consultation","Decision process","Not retrieved","An additional official organisation-information route. The contents could not be retrieved during collection. Check the publisher directly for the live proposal and consultation documents.","https://kr.afcinfo.org.uk/pages/community-information/information-and-advice/education-and-education-services/richmond-school-organisation","Retrieval unsuccessful on 21 September 2026.","2026-09-21","consultation-afc","Undated","Public route identified, but contents were not successfully retrieved.","2026-10-05","Curated public-record index; not exhaustive. Original documents remain with their publishers.","Pre-statutory consultation on closure effective 1 September 2027. Council-linked form states response deadline 16 October 2026. Later committee and statutory stages are planned and conditional; no final closure decision verified. Checked 5 October 2026."
"Kew Riverside Primary School consultation leaflet","London Borough of Richmond upon Thames","","Consultation","Decision process","Reviewed","The Kew-specific proposal gives financial and pupil-number forecasts, an explanation of alternatives, a conditional timetable and ways to respond. It says a replacement amalgamation must be a free school. That categorical rationale is superseded by the September 2026 new-school rules; a current route-specific appraisal is needed. The leaflet’s March 2027 reserve-exhaustion claim conflicts with the later Kew FAQ Q5 forecast. Legal availability alone does not prove that a route is feasible at Kew. The council-linked response form gives 16 October 2026 as the deadline.","https://www.richmond.gov.uk/media/fxhbilws/kew_riverside_consultation_leaflet.pdf","8 PDF pages. PDF pages 3–6: finance, forecasting, pupil series and alternatives; page 7: timetable; page 8: event and response routes. Publication date not stated; first retrieved 21 September and rechecked 23 September 2026.","2026-09-23","consultation-leaflet","Undated","The public document or webpage was retrieved and reviewed for the stated summary; this is not validation of all its claims.","2026-10-05","Curated public-record index; not exhaustive. Original documents remain with their publishers.","Pre-statutory consultation on closure effective 1 September 2027. Council-linked form states response deadline 16 October 2026. Later committee and statutory stages are planned and conditional; no final closure decision verified. Checked 5 October 2026."
"School organisation consultations: general FAQ","London Borough of Richmond upon Thames","","Consultation","Decision process","Reviewed","General council FAQ on school organisation, forecasts, alternatives and transition. Its Q18 says applications and admissions may continue during consultation. It does not show that open days or tours are available at Kew now. General answers are not promises specific to Kew.","https://www.richmond.gov.uk/media/prepaqcb/school_organisation_consultation_faq.pdf","14 PDF pages; Q18 on PDF page 8 (printed page 7) addresses applications and admissions. Publication date not stated; checked 23 September 2026.","2026-09-23","consultation-faq","Undated","The public document or webpage was retrieved and reviewed for the stated summary; this is not validation of all its claims.","2026-10-05","Curated public-record index; not exhaustive. Original documents remain with their publishers.","Pre-statutory consultation on closure effective 1 September 2027. Council-linked form states response deadline 16 October 2026. Later committee and statutory stages are planned and conditional; no final closure decision verified. Checked 5 October 2026."
"Kew Riverside Primary School: official consultation response form","London Borough of Richmond upon Thames","","Consultation","Decision process","Reviewed","Council-linked response form states that responses must be submitted by 16 October 2026. It asks respondent capacity, view and reasons, with optional alternatives and comments. As checked, it does not ask for a name or postcode. No response was submitted during verification.","https://docs.google.com/forms/d/e/1FAIpQLSda5oPsdUlrJkf6vACC_AjvXFR6-ki3iBymNIF5BAWNxf85xQ/viewform","Opening description supplies deadline without a closing time. Respondent form linked from the council page; checked 21 September 2026. The initial council /edit link redirects to a readable form; this is its public respondent URL.","2026-09-21","consultation-response","Undated","The public document or webpage was retrieved and reviewed for the stated summary; this is not validation of all its claims.","2026-10-05","Curated public-record index; not exhaustive. Original documents remain with their publishers.","Pre-statutory consultation on closure effective 1 September 2027. Council-linked form states response deadline 16 October 2026. Later committee and statutory stages are planned and conditional; no final closure decision verified. Checked 5 October 2026."
"Education Committee: constitutional remit","London Borough of Richmond upon Thames","","Policy","Decision process","Reviewed","Committee remit includes school place planning and admissions. Membership provision: 11 councillors, two voting diocesan members and a non-voting parent governor representative. The chair is designated Lead Member for Children’s Services. Check actual attendance, substitutions and entitlement for each meeting.","https://cabnet.richmond.gov.uk/documents/s500003893/02.09%20Education%20and%20Childrens%20Services%20Committee.pdf","3 PDF pages; membership and functions on PDF page 1; reserved matters and delegations on page 3. No document date stated; current remit linked from the committee directory.","2026-09-21","committee-remit","Undated","The public document or webpage was retrieved and reviewed for the stated summary; this is not validation of all its claims.","2026-10-05","Curated public-record index; not exhaustive. Original documents remain with their publishers.","Pre-statutory consultation on closure effective 1 September 2027. Council-linked form states response deadline 16 October 2026. Later committee and statutory stages are planned and conditional; no final closure decision verified. Checked 5 October 2026."
"Councillor Julia Cambridge: official committee role","London Borough of Richmond upon Thames","","Directory","Decision process","Reviewed","Official profile identifies Councillor Julia Cambridge as chair of the Education and Children’s Services Committee. Only this relevant public role is summarised; inclusion does not establish a view on Kew Riverside Primary School.","https://cabnet.richmond.gov.uk/mgUserInfo.aspx?UID=11324","Position and committee appointments matched to the committee directory on 21 September 2026. No personal contact information or image is reproduced.","2026-09-21","committee-chair","Undated","The public document or webpage was retrieved and reviewed for the stated summary; this is not validation of all its claims.","2026-10-05","Curated public-record index; not exhaustive. Original documents remain with their publishers.","Pre-statutory consultation on closure effective 1 September 2027. Council-linked form states response deadline 16 October 2026. Later committee and statutory stages are planned and conditional; no final closure decision verified. Checked 5 October 2026."
"Councillor Michael Wilson: official committee role","London Borough of Richmond upon Thames","","Directory","Decision process","Reviewed","Official profile identifies Councillor Michael Wilson as vice-chair of the Education and Children’s Services Committee. Only this relevant public role is summarised; inclusion does not establish a view on Kew Riverside Primary School.","https://cabnet.richmond.gov.uk/mgUserInfo.aspx?UID=10582","Position and committee appointments matched to the committee directory on 21 September 2026. No personal contact information or image is reproduced.","2026-09-21","committee-vice-chair","Undated","The public document or webpage was retrieved and reviewed for the stated summary; this is not validation of all its claims.","2026-10-05","Curated public-record index; not exhaustive. Original documents remain with their publishers.","Pre-statutory consultation on closure effective 1 September 2027. Council-linked form states response deadline 16 October 2026. Later committee and statutory stages are planned and conditional; no final closure decision verified. Checked 5 October 2026."
"Education Committee: 10 September 2026 meeting record","London Borough of Richmond upon Thames","2026-09-10","Committee record","Decision process","Reviewed","Published agenda and decisions reviewed for the decision trail. No Kew-specific closure resolution was located in this meeting record. A work-programme item is not attributed as a vote to close Kew Riverside Primary School.","https://cabnet.richmond.gov.uk/ieListDocuments.aspx?CId=800&MId=500000747&Ver=4","Meeting of 10 September 2026; agenda and decisions page checked 21 September 2026.","2026-09-21","committee-september-2026","2026","The public document or webpage was retrieved and reviewed for the stated summary; this is not validation of all its claims.","2026-10-05","Curated public-record index; not exhaustive. Original documents remain with their publishers.","Pre-statutory consultation on closure effective 1 September 2027. Council-linked form states response deadline 16 October 2026. Later committee and statutory stages are planned and conditional; no final closure decision verified. Checked 5 October 2026."
"Education Committee: 12 November 2026 meeting page","London Borough of Richmond upon Thames","","Directory","Decision process","Reviewed","Meeting listed for 12 November 2026. As checked on 21 September, the agenda had not been published. The leaflet plans a November committee stage, but this calendar entry alone does not verify a Kew-specific item or a decision.","https://cabnet.richmond.gov.uk/ieListDocuments.aspx?CId=800&MId=500000748&Ver=4","Future meeting page, checked 21 September 2026; not minutes or evidence that any decision has occurred.","2026-09-21","committee-november-2026","2026","The public document or webpage was retrieved and reviewed for the stated summary; this is not validation of all its claims.","2026-10-05","Curated public-record index; not exhaustive. Original documents remain with their publishers.","Pre-statutory consultation on closure effective 1 September 2027. Council-linked form states response deadline 16 October 2026. Later committee and statutory stages are planned and conditional; no final closure decision verified. Checked 5 October 2026."
"Richmond school organisation: the two current proposals","Richmond Council","2026-09-21","Consultation","Decision process","Reviewed","Council overview of two pre-statutory proposals, both intended for 1 September 2027. One would close Kew Riverside Primary School. The other would combine Hampton Wick Infant and Nursery with St John the Baptist Junior into a 210-place primary school with nursery. Neither proposal is a final decision.","https://www.richmond.gov.uk/services/children_and_family_care/schools_and_colleges/school_organisation_consultations","Page updated 21 September 2026. The Hampton Wick proposal involves closing one legal school and extending the age range of the other. It is not a precedent that proves the same arrangement is viable at Kew.","2026-09-22","organisation-overview-2026","2026","The public document or webpage was retrieved and reviewed for the stated summary; this is not validation of all its claims.","2026-10-05","Curated public-record index; not exhaustive. Original documents remain with their publishers.","Pre-statutory consultation on closure effective 1 September 2027. Council-linked form states response deadline 16 October 2026. Later committee and statutory stages are planned and conditional; no final closure decision verified. Checked 5 October 2026."
"School census: January 2026 school-level pupil data","Department for Education","2026-06-04","Official dataset","Demand & housing","Reviewed","Official school-level underlying data for the January 2026 census. The comparison uses Richmond state-funded primary schools. It adds up Reception to Year 6 from the full-time and part-time male and female fields, leaving out nursery. Kew Riverside Primary School totals 84 pupils in those year groups.","https://explore-education-statistics.service.gov.uk/find-statistics/school-pupils-and-their-characteristics/2025-26/explore","Release first published 4 June 2026 and updated 14 July 2026. Supporting files: School level underlying data 2026. Filter new_la_code=E09000027 and phase_type_grouping=State-funded primary; join schools by URN. January 2026 is a measured snapshot, not September 2026 and not the council leaflet’s 2026/27 forecast.","2026-09-22","school-census-jan-2026","2026","The public document or webpage was retrieved and reviewed for the stated summary; this is not validation of all its claims.","2026-10-05","Curated public-record index; not exhaustive. Original documents remain with their publishers.","Pre-statutory consultation on closure effective 1 September 2027. Council-linked form states response deadline 16 October 2026. Later committee and statutory stages are planned and conditional; no final closure decision verified. Checked 5 October 2026."
"School capacity and pupils on roll: May 2025 comparison","Department for Education","2026-03-19","Official dataset","Demand & housing","Reviewed","Official Capacity – school dataset, including capacity and pupils on roll for individual schools. The 2024/25 snapshot records Kew Riverside Primary School at 90 pupils against 210 places. Rows for comparable Richmond primary schools allow a dated occupancy comparison. Recorded capacity does not show how many places are free in each year group.","https://explore-education-statistics.service.gov.uk/data-catalogue/data-set/d99443e1-1258-4894-b705-5bfb51751a37","Dataset published 19 March 2026. Capacity snapshot: 1 May 2025; pupil rolls: May 2025 census. Fields school_urn, school_name, school_places and pupils_on_roll_count; filter new_la_code=E09000027 and education_phase=Primary. Earlier snapshots use time_period 202122 to 202425. Do not combine this denominator with a later census without labelling the different dates.","2026-09-22","school-capacity-may-2025","2026","The public document or webpage was retrieved and reviewed for the stated summary; this is not validation of all its claims.","2026-10-05","Curated public-record index; not exhaustive. Original documents remain with their publishers.","Pre-statutory consultation on closure effective 1 September 2027. Council-linked form states response deadline 16 October 2026. Later committee and statutory stages are planned and conditional; no final closure decision verified. Checked 5 October 2026."
"Hampton Wick and St John the Baptist: amalgamation proposal","Richmond Council","","Consultation","Decision process","Reviewed","Consultation proposal for one 210-place primary school plus retained nursery, initially using both buildings and later one site when pupil numbers permit. Current pupils would have guaranteed places. School designation, which legal school closes and the eventual site remain matters for the decision process. This is not an approved merger.","https://www.richmond.gov.uk/media/zaxlziiv/hampton_wick_st_john_the_baptist_consultation_leaflet.pdf","Pre-statutory consultation leaflet, September/October 2026; publication date not stated. Printed pages 3 and 6–9 (PDF pages 4 and 7–10) explain capacity, the legal mechanism and unresolved choices. They also give the conditional implementation date of 1 September 2027. Comparing proposals does not prove that amalgamation or shared leadership would be viable at Kew Riverside Primary School.","2026-09-22","hampton-wick-proposal-2026","Undated","The public document or webpage was retrieved and reviewed for the stated summary; this is not validation of all its claims.","2026-10-05","Curated public-record index; not exhaustive. Original documents remain with their publishers.","Pre-statutory consultation on closure effective 1 September 2027. Council-linked form states response deadline 16 October 2026. Later committee and statutory stages are planned and conditional; no final closure decision verified. Checked 5 October 2026."
"Maintained-school balances at 31 March 2026","London Borough of Richmond upon Thames","","Committee record","Funding & buildings","Reviewed","The council records Kew Riverside Primary School's revenue balance at £231,685.09 on 31 March 2026, down £75,103.70 from a year earlier. Capital balances are separate. This dated actual does not show cash available today or the approved budget and ledger. The later Kew FAQ publishes a separate indicative forecast.","https://cabnet.richmond.gov.uk/documents/s500020983/Item%206%20Appendix%20A.pdf","Appendix A associated with the 25 June 2026 Schools Forum, page 1, Kew Riverside Primary School row; revenue and capital columns. Document publication date not stated.","2026-09-23","school-balances-mar-2026","2026","The public document or webpage was retrieved and reviewed for the stated summary; this is not validation of all its claims.","2026-10-05","Curated public-record index; not exhaustive. Original documents remain with their publishers.","Pre-statutory consultation on closure effective 1 September 2027. Council-linked form states response deadline 16 October 2026. Later committee and statutory stages are planned and conditional; no final closure decision verified. Checked 5 October 2026."
"School organisation report: June 2026 Part A","London Borough of Richmond upon Thames","2026-06-11","Committee record","Demand & housing","Reviewed","The June committee report records a 2031/32 Kew planning-area forecast of 514 pupils and distinguishes temporary admission capacity, admission capacity and net capacity. It says the Kew PFI expires in 2032. These are June figures and definitions, not the later leaflet forecast or closure savings.","https://cabnet.richmond.gov.uk/documents/s500020721/11.%20School%20Organisation%20Report%20-%2011%20June%202026-%20Part%20A.pdf","11 June 2026 committee report, PDF pages 3–4 (forecast and capacity table), paragraph 3.23 (PFI). Kew planning area is not Kew Riverside Primary School alone.","2026-09-23","school-organisation-june-2026","2026","The public document or webpage was retrieved and reviewed for the stated summary; this is not validation of all its claims.","2026-10-05","Curated public-record index; not exhaustive. Original documents remain with their publishers.","Pre-statutory consultation on closure effective 1 September 2027. Council-linked form states response deadline 16 October 2026. Later committee and statutory stages are planned and conditional; no final closure decision verified. Checked 5 October 2026."
"Education Committee decisions: 11 June 2026","London Borough of Richmond upon Thames","2026-06-11","Committee record","Decision process","Reviewed","The decisions record gives a general delegation for taking school-organisation proposals to pre-statutory consultation after assessment and discussions, in consultation with the committee chair. It is not a Kew-specific closure decision or proof of any instruction restricting visits.","https://cabnet.richmond.gov.uk/ieDecisionDetails.aspx?ID=500001440","Council decision details page, School Organisation, resolution (b), 11 June 2026. The former decisions PDF link no longer resolves; this official page gives the decision text.","2026-09-23","school-organisation-decisions-june-2026","2026","The public document or webpage was retrieved and reviewed for the stated summary; this is not validation of all its claims.","2026-10-05","Curated public-record index; not exhaustive. Original documents remain with their publishers.","Pre-statutory consultation on closure effective 1 September 2027. Council-linked form states response deadline 16 October 2026. Later committee and statutory stages are planned and conditional; no final closure decision verified. Checked 5 October 2026."
"Local-authority pupil forecasts: 2024/25 SCAP data","Department for Education","2026-03-19","Official dataset","Demand & housing","Reviewed","The 2025 vintage forecasts 651 pupils in Reception–Year 6 and 88 in Reception for the Kew planning area in 2025/26. The matched January 2026 school census gives 654 and 97. This one-year, area-level check is not a forecast for Kew Riverside Primary School alone or a long-term accuracy verdict.","https://explore-education-statistics.service.gov.uk/data-catalogue/data-set/64501ba1-ae89-40e0-9cf5-552a5f1ea6d1","Dataset published 19 March 2026; planning_area_code 3180007, Primary, 202526, Primary total and Reception. Compared with January 2026 census for URNs 133343, 102884 and 102921, excluding nursery.","2026-09-23","kew-area-forecast-2025","2026","The public document or webpage was retrieved and reviewed for the stated summary; this is not validation of all its claims.","2026-10-05","Curated public-record index; not exhaustive. Original documents remain with their publishers.","Pre-statutory consultation on closure effective 1 September 2027. Council-linked form states response deadline 16 October 2026. Later committee and statutory stages are planned and conditional; no final closure decision verified. Checked 5 October 2026."
"School organisation: borough equality impact and needs analysis","London Borough of Richmond upon Thames","","Committee record","Decision process","Reviewed","Borough-wide assessment approved on 14 May 2026. It promises further school-specific pupil and staff assessment; it does not settle the funded effects of the Kew proposal. No Kew-specific assessment was found in the public pack reviewed.","https://cabnet.richmond.gov.uk/documents/s500020722/11.%20School%20Organisation%20LBR%20EINA.pdf","PDF pages 1–2: scope and approval; page 15: school-specific actions. Approved 14 May 2026; linked to the 11 June committee papers.","2026-10-05","school-organisation-eina-2026","2026","The public document or webpage was retrieved and reviewed for the stated summary; this is not validation of all its claims.","2026-10-05","Curated public-record index; not exhaustive. Original documents remain with their publishers.","Pre-statutory consultation on closure effective 1 September 2027. Council-linked form states response deadline 16 October 2026. Later committee and statutory stages are planned and conditional; no final closure decision verified. Checked 5 October 2026."
"Making significant changes to maintained schools","Department for Education","2025-08","Guidance","Decision process","Reviewed","Guidance describes an existing-school amalgamation route that can close one school while changing a surviving school, including its age range or site. Additional-site and reserved SEND proposals have separate requirements. This route is legally available in principle, not shown deliverable for Kew.","https://assets.publishing.service.gov.uk/media/68947395ad0cbc0e276430d8/making-significant-changes-prescribed-alterations-to-maintained-schools.pdf","August 2025 edition; PDF pages 11–12 on additional sites and page 23 on amalgamations. Current linked edition checked 23 September 2026.","2026-09-23","prescribed-alterations-2025","2025","The public document or webpage was retrieved and reviewed for the stated summary; this is not validation of all its claims.","2026-10-05","Curated public-record index; not exhaustive. Original documents remain with their publishers.","Pre-statutory consultation on closure effective 1 September 2027. Council-linked form states response deadline 16 October 2026. Later committee and statutory stages are planned and conditional; no final closure decision verified. Checked 5 October 2026."
"Opening new schools: current statutory guidance","Department for Education","2026-09-03","Guidance","Decision process","Reviewed","Guidance in force from 1 September 2026 describes local-authority proposals for a replacement maintained school under the changed law; earlier proposals have transitional rules. It does not make a particular Kew replacement necessary, affordable or approved.","https://www.gov.uk/government/publications/opening-new-schools","GOV.UK page updated 3 September 2026; linked September 2026 guidance, PDF pages 9 and 31–32 for decision-maker and replacement-school route.","2026-09-23","opening-new-schools-2026","2026","The public document or webpage was retrieved and reviewed for the stated summary; this is not validation of all its claims.","2026-10-05","Curated public-record index; not exhaustive. Original documents remain with their publishers.","Pre-statutory consultation on closure effective 1 September 2027. Council-linked form states response deadline 16 October 2026. Later committee and statutory stages are planned and conditional; no final closure decision verified. Checked 5 October 2026."
"Kew Riverside Primary School reported income history","Department for Education","","Official dataset","Funding & buildings","Reviewed","Reported school income for financial years ending March 2022–2026. These are rounded historical actuals, not 2026/27 budget income or guaranteed revenue for additional pupils.","https://financial-benchmarking-and-insights-tool.education.gov.uk/api/income/history?type=school&id=133343&dimension=Actuals","FBIT public income-history response; school 133343, Actuals, rows year 2022–2026. Year denotes the March financial-year end. Publication date not stated.","2026-09-23","kew-finance-income-history","Undated","The public document or webpage was retrieved and reviewed for the stated summary; this is not validation of all its claims.","2026-10-05","Curated public-record index; not exhaustive. Original documents remain with their publishers.","Pre-statutory consultation on closure effective 1 September 2027. Council-linked form states response deadline 16 October 2026. Later committee and statutory stages are planned and conditional; no final closure decision verified. Checked 5 October 2026."
"Kew Riverside Primary School reported expenditure history","Department for Education","","Official dataset","Funding & buildings","Reviewed","Reported school expenditure for financial years ending March 2022–2026, including a 2025/26 PFI charge of £69,640. The school charge is not the council-wide contract liability or an avoidable saving on closure.","https://financial-benchmarking-and-insights-tool.education.gov.uk/api/expenditure/history?type=school&id=133343&dimension=Actuals","FBIT public expenditure-history response; school 133343, Actuals, rows year 2022–2026 and PFI expenditure field. Publication date not stated.","2026-09-23","kew-finance-expenditure-history","Undated","The public document or webpage was retrieved and reviewed for the stated summary; this is not validation of all its claims.","2026-10-05","Curated public-record index; not exhaustive. Original documents remain with their publishers.","Pre-statutory consultation on closure effective 1 September 2027. Council-linked form states response deadline 16 October 2026. Later committee and statutory stages are planned and conditional; no final closure decision verified. Checked 5 October 2026."
"Kew Riverside Primary School reported revenue-balance history","Department for Education","","Official dataset","Funding & buildings","Reviewed","Reported school revenue balances for financial years ending March 2022–2026. The March 2026 figure is rounded in this service; the council balance appendix separately gives £231,685.09. A revenue reserve is not the same as an annual result.","https://financial-benchmarking-and-insights-tool.education.gov.uk/api/balance/history?type=school&id=133343&dimension=Actuals","FBIT public balance-history response; school 133343, Actuals, rows year 2022–2026. Publication date not stated.","2026-09-23","kew-finance-balance-history","Undated","The public document or webpage was retrieved and reviewed for the stated summary; this is not validation of all its claims.","2026-10-05","Curated public-record index; not exhaustive. Original documents remain with their publishers.","Pre-statutory consultation on closure effective 1 September 2027. Council-linked form states response deadline 16 October 2026. Later committee and statutory stages are planned and conditional; no final closure decision verified. Checked 5 October 2026."
"Kew Riverside Primary School: specific consultation FAQ","London Borough of Richmond upon Thames","","Consultation","Decision process","Reviewed","Q5 publishes annual budget gaps and projected balances, including £19,268 remaining at March 2027. Q6’s exhaustion wording conflicts. Q4’s categorical free-school rationale needs a current-law appraisal. Q9–10 do not supply net closure savings or the governing site/PFI instruments.","https://www.richmond.gov.uk/media/3pderpuw/school_organisation_kew_riverside_faq.pdf","PDF page 4, Q5–6: indicative budget; pages 3–4, Q4: amalgamation; page 7, Q9–10: funding and site. Publication date not stated; checked 5 October 2026.","2026-10-05","consultation-kew-faq","Undated","The public document or webpage was retrieved and reviewed for the stated summary; this is not validation of all its claims.","2026-10-05","Curated public-record index; not exhaustive. Original documents remain with their publishers.","Pre-statutory consultation on closure effective 1 September 2027. Council-linked form states response deadline 16 October 2026. Later committee and statutory stages are planned and conditional; no final closure decision verified. Checked 5 October 2026."
"Richmond audited accounts 2024/25: primary-school PFI","London Borough of Richmond upon Thames","2026-02-20","Committee record","Funding & buildings","Reviewed","Note 41 reports £42.937 million remaining payments across six primary schools at 31 March 2025, excluding future inflation and performance adjustments. This portfolio total is not Kew’s allocation, an avoidable closure saving or evidence of a land motive.","https://www.richmond.gov.uk/media/o4wcfkeu/statement_of_accounts_2024_25.pdf","Note 41, printed pages 79–82 (PDF pages 80–83). Audited 20 February 2026. £5.266m capital + £1.987m interest + £35.684m services = £42.937m.","2026-10-05","richmond-accounts-2024-25","2026","The public document or webpage was retrieved and reviewed for the stated summary; this is not validation of all its claims.","2026-10-05","Curated public-record index; not exhaustive. Original documents remain with their publishers.","Pre-statutory consultation on closure effective 1 September 2027. Council-linked form states response deadline 16 October 2026. Later committee and statutory stages are planned and conditional; no final closure decision verified. Checked 5 October 2026."
